Handle,Title,Body (HTML),Vendor,Product Category,Type,Tags,Published,Option1 Name,Option1 Value,Option2 Name,Option2 Value,Option3 Name,Option3 Value,Variant SKU,Variant Grams,Variant Inventory Tracker,Variant Inventory Qty,Variant Inventory Policy,Variant Fulfillment Service,Variant Price,Variant Compare At Price,Variant Requires Shipping,Variant Taxable,Variant Barcode,Image Src,Image Position,Image Alt Text,Gift Card,SEO Title,SEO Description,Google Shopping / Google Product Category,Google Shopping / Gender,Google Shopping / Age Group,Google Shopping / MPN,Google Shopping / Condition,Google Shopping / Custom Product,Variant Image,Variant Weight Unit,Variant Tax Code,Cost per item,Included / United States,Price / United States,Compare At Price / United States,Included / International,Price / International,Compare At Price / International,Status,location,On hand (new),On hand (current)
3661842471556,Nappe en coton - adour bleu/fleurs,"<p>Nappe Adour x Thevenon – L’élégance entre Riviera italienne et raffinement japonais<br/><br/>100 % coton bio : tissu naturel, doux et résistant<br/>Collaboration exclusive : entre Artiga, expert en linge de maison français, et Thevenon, maison textile d’exception depuis 1908<br/>Motifs raffinés : rayures inspirées de la Riviera italienne (bleu, rouge ou vert) et ganses fleuries japonisantes<br/>Fabrication française : conçue et confectionnée dans notre atelier du Sud-Ouest<br/>Disponible en plusieurs tailles : 160x160 cm (4 couverts), 160x250 cm (8 couverts), 160x300 cm (10 couverts)<br/>À coordonner : s’associe avec nos serviettes, corbeilles et accessoires assortis<br/>Une nappe qui allie le charme ensoleillé de la Méditerranée et la délicatesse des motifs japonais, pour une table raffinée et inspirante.</p>
<table class=""data-sheet""><tr><th>Composition</th><td>100%  COTON BIOLOGIQUE</td></tr><tr><th>Unite</th><td>pièce</td></tr><tr><th>Coloris</th><td>MULTICOLORE</td></tr></table>",ARTIGA,,TABLE,"TABLE, Nappes",TRUE,Taille,160 cm,,,,,ADOUN160FL_1476_160CM,,shopify,0,deny,manual,129.00,,TRUE,TRUE,3661842471556,https://www.artiga.fr/8259-medium_default/nappe-en-coton-adour-bleu-fleurs.jpg,1,Nappe en coton - adour bleu/fleurs,FALSE,,,4143,,,,,,,kg,,,,,,,,,active,La Gustothèque,0,
3661842471556,,,,,,,,,,,,,,,,,,,,,,,,,https://www.artiga.fr/8260-medium_default/nappe-en-coton-adour-bleu-fleurs.jpg,2,Nappe en coton - adour bleu/fleurs,,,,4143,,,,,,,,,,,,,,,,,,,
3661842471556,,,,,,,,,,,,,,,,,,,,,,,,,https://www.artiga.fr/8261-medium_default/nappe-en-coton-adour-bleu-fleurs.jpg,3,Nappe en coton - adour bleu/fleurs,,,,4143,,,,,,,,,,,,,,,,,,,
3661842471556,Nappe en coton - adour bleu/fleurs,"<p>Nappe Adour x Thevenon – L’élégance entre Riviera italienne et raffinement japonais<br/><br/>100 % coton bio : tissu naturel, doux et résistant<br/>Collaboration exclusive : entre Artiga, expert en linge de maison français, et Thevenon, maison textile d’exception depuis 1908<br/>Motifs raffinés : rayures inspirées de la Riviera italienne (bleu, rouge ou vert) et ganses fleuries japonisantes<br/>Fabrication française : conçue et confectionnée dans notre atelier du Sud-Ouest<br/>Disponible en plusieurs tailles : 160x160 cm (4 couverts), 160x250 cm (8 couverts), 160x300 cm (10 couverts)<br/>À coordonner : s’associe avec nos serviettes, corbeilles et accessoires assortis<br/>Une nappe qui allie le charme ensoleillé de la Méditerranée et la délicatesse des motifs japonais, pour une table raffinée et inspirante.</p>
<table class=""data-sheet""><tr><th>Composition</th><td>100%  COTON BIOLOGIQUE</td></tr><tr><th>Unite</th><td>pièce</td></tr><tr><th>Coloris</th><td>MULTICOLORE</td></tr></table>",ARTIGA,,TABLE,"TABLE, Nappes",TRUE,Taille,250 cm,,,,,ADOUN160FL_1476_250CM,,shopify,0,deny,manual,169.00,,TRUE,TRUE,3661842471648,,,,FALSE,,,4143,,,,,,,kg,,,,,,,,,active,La Gustothèque,0,
3661842471556,Nappe en coton - adour bleu/fleurs,"<p>Nappe Adour x Thevenon – L’élégance entre Riviera italienne et raffinement japonais<br/><br/>100 % coton bio : tissu naturel, doux et résistant<br/>Collaboration exclusive : entre Artiga, expert en linge de maison français, et Thevenon, maison textile d’exception depuis 1908<br/>Motifs raffinés : rayures inspirées de la Riviera italienne (bleu, rouge ou vert) et ganses fleuries japonisantes<br/>Fabrication française : conçue et confectionnée dans notre atelier du Sud-Ouest<br/>Disponible en plusieurs tailles : 160x160 cm (4 couverts), 160x250 cm (8 couverts), 160x300 cm (10 couverts)<br/>À coordonner : s’associe avec nos serviettes, corbeilles et accessoires assortis<br/>Une nappe qui allie le charme ensoleillé de la Méditerranée et la délicatesse des motifs japonais, pour une table raffinée et inspirante.</p>
<table class=""data-sheet""><tr><th>Composition</th><td>100%  COTON BIOLOGIQUE</td></tr><tr><th>Unite</th><td>pièce</td></tr><tr><th>Coloris</th><td>MULTICOLORE</td></tr></table>",ARTIGA,,TABLE,"TABLE, Nappes",TRUE,Taille,300 cm,,,,,ADOUN160FL_1476_300CM,,shopify,0,deny,manual,189.00,,TRUE,TRUE,3661842471709,,,,FALSE,,,4143,,,,,,,kg,,,,,,,,,active,La Gustothèque,0,
3661842471549,Nappe en coton - adour vert/fleurs,"<p>Nappe Adour x Thevenon – L’élégance entre Riviera italienne et raffinement japonais<br/><br/>100 % coton bio : tissu naturel, doux et résistant<br/>Collaboration exclusive : entre Artiga, expert en linge de maison français, et Thevenon, maison textile d’exception depuis 1908<br/>Motifs raffinés : rayures inspirées de la Riviera italienne (bleu, rouge ou vert) et ganses fleuries japonisantes<br/>Fabrication française : conçue et confectionnée dans notre atelier du Sud-Ouest<br/>Disponible en plusieurs tailles : 160x160 cm (4 couverts), 160x250 cm (8 couverts), 160x300 cm (10 couverts)<br/>À coordonner : s’associe avec nos serviettes, corbeilles et accessoires assortis<br/>Une nappe qui allie le charme ensoleillé de la Méditerranée et la délicatesse des motifs japonais, pour une table raffinée et inspirante.</p>
<table class=""data-sheet""><tr><th>Composition</th><td>100%  COTON BIOLOGIQUE</td></tr><tr><th>Unite</th><td>pièce</td></tr><tr><th>Coloris</th><td>MULTICOLORE</td></tr></table>",ARTIGA,,TABLE,"TABLE, Nappes",TRUE,Taille,160 cm,,,,,ADOUN160FL_1477_160CM,,shopify,0,deny,manual,129.00,,TRUE,TRUE,3661842471549,https://www.artiga.fr/8256-medium_default/nappe-en-coton-adour-vert-fleurs.jpg,1,Nappe en coton - adour vert/fleurs,FALSE,,,4143,,,,,,,kg,,,,,,,,,active,La Gustothèque,0,
3661842471549,,,,,,,,,,,,,,,,,,,,,,,,,https://www.artiga.fr/8257-medium_default/nappe-en-coton-adour-vert-fleurs.jpg,2,Nappe en coton - adour vert/fleurs,,,,4143,,,,,,,,,,,,,,,,,,,
3661842471549,,,,,,,,,,,,,,,,,,,,,,,,,https://www.artiga.fr/8258-medium_default/nappe-en-coton-adour-vert-fleurs.jpg,3,Nappe en coton - adour vert/fleurs,,,,4143,,,,,,,,,,,,,,,,,,,
3661842471549,Nappe en coton - adour vert/fleurs,"<p>Nappe Adour x Thevenon – L’élégance entre Riviera italienne et raffinement japonais<br/><br/>100 % coton bio : tissu naturel, doux et résistant<br/>Collaboration exclusive : entre Artiga, expert en linge de maison français, et Thevenon, maison textile d’exception depuis 1908<br/>Motifs raffinés : rayures inspirées de la Riviera italienne (bleu, rouge ou vert) et ganses fleuries japonisantes<br/>Fabrication française : conçue et confectionnée dans notre atelier du Sud-Ouest<br/>Disponible en plusieurs tailles : 160x160 cm (4 couverts), 160x250 cm (8 couverts), 160x300 cm (10 couverts)<br/>À coordonner : s’associe avec nos serviettes, corbeilles et accessoires assortis<br/>Une nappe qui allie le charme ensoleillé de la Méditerranée et la délicatesse des motifs japonais, pour une table raffinée et inspirante.</p>
<table class=""data-sheet""><tr><th>Composition</th><td>100%  COTON BIOLOGIQUE</td></tr><tr><th>Unite</th><td>pièce</td></tr><tr><th>Coloris</th><td>MULTICOLORE</td></tr></table>",ARTIGA,,TABLE,"TABLE, Nappes",TRUE,Taille,250 cm,,,,,ADOUN160FL_1477_250CM,,shopify,0,deny,manual,169.00,,TRUE,TRUE,3661842471631,,,,FALSE,,,4143,,,,,,,kg,,,,,,,,,active,La Gustothèque,0,
3661842471549,Nappe en coton - adour vert/fleurs,"<p>Nappe Adour x Thevenon – L’élégance entre Riviera italienne et raffinement japonais<br/><br/>100 % coton bio : tissu naturel, doux et résistant<br/>Collaboration exclusive : entre Artiga, expert en linge de maison français, et Thevenon, maison textile d’exception depuis 1908<br/>Motifs raffinés : rayures inspirées de la Riviera italienne (bleu, rouge ou vert) et ganses fleuries japonisantes<br/>Fabrication française : conçue et confectionnée dans notre atelier du Sud-Ouest<br/>Disponible en plusieurs tailles : 160x160 cm (4 couverts), 160x250 cm (8 couverts), 160x300 cm (10 couverts)<br/>À coordonner : s’associe avec nos serviettes, corbeilles et accessoires assortis<br/>Une nappe qui allie le charme ensoleillé de la Méditerranée et la délicatesse des motifs japonais, pour une table raffinée et inspirante.</p>
<table class=""data-sheet""><tr><th>Composition</th><td>100%  COTON BIOLOGIQUE</td></tr><tr><th>Unite</th><td>pièce</td></tr><tr><th>Coloris</th><td>MULTICOLORE</td></tr></table>",ARTIGA,,TABLE,"TABLE, Nappes",TRUE,Taille,300 cm,,,,,ADOUN160FL_1477_300CM,,shopify,0,deny,manual,189.00,,TRUE,TRUE,3661842471693,,,,FALSE,,,4143,,,,,,,kg,,,,,,,,,active,La Gustothèque,0,
3661842471532,Nappe en coton - adour rouge/fleurs,"<p>Nappe Adour x Thevenon – L’élégance entre Riviera italienne et raffinement japonais<br/><br/>100 % coton bio : tissu naturel, doux et résistant<br/>Collaboration exclusive : entre Artiga, expert en linge de maison français, et Thevenon, maison textile d’exception depuis 1908<br/>Motifs raffinés : rayures inspirées de la Riviera italienne (bleu, rouge ou vert) et ganses fleuries japonisantes<br/>Fabrication française : conçue et confectionnée dans notre atelier du Sud-Ouest<br/>Disponible en plusieurs tailles : 160x160 cm (4 couverts), 160x250 cm (8 couverts), 160x300 cm (10 couverts)<br/>À coordonner : s’associe avec nos serviettes, corbeilles et accessoires assortis<br/>Une nappe qui allie le charme ensoleillé de la Méditerranée et la délicatesse des motifs japonais, pour une table raffinée et inspirante.</p>
<table class=""data-sheet""><tr><th>Composition</th><td>100%  COTON BIOLOGIQUE</td></tr><tr><th>Unite</th><td>pièce</td></tr><tr><th>Coloris</th><td>MULTICOLORE</td></tr></table>",ARTIGA,,TABLE,"TABLE, Nappes",TRUE,Taille,160 cm,,,,,ADOUN160FL_1478_160CM,,shopify,0,deny,manual,129.00,,TRUE,TRUE,3661842471532,https://www.artiga.fr/8253-medium_default/nappe-en-coton-adour-rouge-fleurs.jpg,1,Nappe en coton - adour rouge/fleurs,FALSE,,,4143,,,,,,,kg,,,,,,,,,active,La Gustothèque,0,
3661842471532,,,,,,,,,,,,,,,,,,,,,,,,,https://www.artiga.fr/8254-medium_default/nappe-en-coton-adour-rouge-fleurs.jpg,2,Nappe en coton - adour rouge/fleurs,,,,4143,,,,,,,,,,,,,,,,,,,
3661842471532,,,,,,,,,,,,,,,,,,,,,,,,,https://www.artiga.fr/8255-medium_default/nappe-en-coton-adour-rouge-fleurs.jpg,3,Nappe en coton - adour rouge/fleurs,,,,4143,,,,,,,,,,,,,,,,,,,
3661842471532,Nappe en coton - adour rouge/fleurs,"<p>Nappe Adour x Thevenon – L’élégance entre Riviera italienne et raffinement japonais<br/><br/>100 % coton bio : tissu naturel, doux et résistant<br/>Collaboration exclusive : entre Artiga, expert en linge de maison français, et Thevenon, maison textile d’exception depuis 1908<br/>Motifs raffinés : rayures inspirées de la Riviera italienne (bleu, rouge ou vert) et ganses fleuries japonisantes<br/>Fabrication française : conçue et confectionnée dans notre atelier du Sud-Ouest<br/>Disponible en plusieurs tailles : 160x160 cm (4 couverts), 160x250 cm (8 couverts), 160x300 cm (10 couverts)<br/>À coordonner : s’associe avec nos serviettes, corbeilles et accessoires assortis<br/>Une nappe qui allie le charme ensoleillé de la Méditerranée et la délicatesse des motifs japonais, pour une table raffinée et inspirante.</p>
<table class=""data-sheet""><tr><th>Composition</th><td>100%  COTON BIOLOGIQUE</td></tr><tr><th>Unite</th><td>pièce</td></tr><tr><th>Coloris</th><td>MULTICOLORE</td></tr></table>",ARTIGA,,TABLE,"TABLE, Nappes",TRUE,Taille,250 cm,,,,,ADOUN160FL_1478_250CM,,shopify,0,deny,manual,169.00,,TRUE,TRUE,3661842471624,,,,FALSE,,,4143,,,,,,,kg,,,,,,,,,active,La Gustothèque,0,
3661842471532,Nappe en coton - adour rouge/fleurs,"<p>Nappe Adour x Thevenon – L’élégance entre Riviera italienne et raffinement japonais<br/><br/>100 % coton bio : tissu naturel, doux et résistant<br/>Collaboration exclusive : entre Artiga, expert en linge de maison français, et Thevenon, maison textile d’exception depuis 1908<br/>Motifs raffinés : rayures inspirées de la Riviera italienne (bleu, rouge ou vert) et ganses fleuries japonisantes<br/>Fabrication française : conçue et confectionnée dans notre atelier du Sud-Ouest<br/>Disponible en plusieurs tailles : 160x160 cm (4 couverts), 160x250 cm (8 couverts), 160x300 cm (10 couverts)<br/>À coordonner : s’associe avec nos serviettes, corbeilles et accessoires assortis<br/>Une nappe qui allie le charme ensoleillé de la Méditerranée et la délicatesse des motifs japonais, pour une table raffinée et inspirante.</p>
<table class=""data-sheet""><tr><th>Composition</th><td>100%  COTON BIOLOGIQUE</td></tr><tr><th>Unite</th><td>pièce</td></tr><tr><th>Coloris</th><td>MULTICOLORE</td></tr></table>",ARTIGA,,TABLE,"TABLE, Nappes",TRUE,Taille,300 cm,,,,,ADOUN160FL_1478_300CM,,shopify,0,deny,manual,189.00,,TRUE,TRUE,3661842471686,,,,FALSE,,,4143,,,,,,,kg,,,,,,,,,active,La Gustothèque,0,
3661842471525,Nappe en coton - adour bleu,"<p>Nappe Adour – L’élégance méditerranéenne au cœur de votre table<br/><br/>- 100 % coton bio : douceur, robustesse et qualité textile naturelle<br/>- Inspirée de la Riviera italienne : trois coloris rayés intemporels<br/>- Fabrication française : tissée et confectionnée dans notre atelier du Sud-Ouest<br/>- Disponible en plusieurs dimensions : de 4 à 12 couverts et plus<br/>- Facile d’entretien : lavable et résistante à un usage quotidien<br/>- À coordonner : s’associe aux serviettes, sets de table et corbeilles assortis<br/><br/>Une nappe qui évoque la dolce vita, pour des repas conviviaux et raffinés.</p>
<table class=""data-sheet""><tr><th>Composition</th><td>100%  COTON BIOLOGIQUE</td></tr><tr><th>Unite</th><td>pièce</td></tr><tr><th>Coloris</th><td>BLEU</td></tr></table>",ARTIGA,,TABLE,"TABLE, Nappes",TRUE,Taille,160 cm,,,,,ADOUN160_1472_160CM,,shopify,0,deny,manual,95.00,,TRUE,TRUE,3661842471525,https://www.artiga.fr/8269-medium_default/nappe-en-coton-adour-bleu.jpg,1,Nappe en coton - adour bleu,FALSE,,,4143,,,,,,,kg,,,,,,,,,active,La Gustothèque,0,
3661842471525,,,,,,,,,,,,,,,,,,,,,,,,,https://www.artiga.fr/8270-medium_default/nappe-en-coton-adour-bleu.jpg,2,Nappe en coton - adour bleu,,,,4143,,,,,,,,,,,,,,,,,,,
3661842471525,,,,,,,,,,,,,,,,,,,,,,,,,https://www.artiga.fr/8271-medium_default/nappe-en-coton-adour-bleu.jpg,3,Nappe en coton - adour bleu,,,,4143,,,,,,,,,,,,,,,,,,,
3661842471525,,,,,,,,,,,,,,,,,,,,,,,,,https://www.artiga.fr/8272-medium_default/nappe-en-coton-adour-bleu.jpg,4,Nappe en coton - adour bleu,,,,4143,,,,,,,,,,,,,,,,,,,
3661842471525,Nappe en coton - adour bleu,"<p>Nappe Adour – L’élégance méditerranéenne au cœur de votre table<br/><br/>- 100 % coton bio : douceur, robustesse et qualité textile naturelle<br/>- Inspirée de la Riviera italienne : trois coloris rayés intemporels<br/>- Fabrication française : tissée et confectionnée dans notre atelier du Sud-Ouest<br/>- Disponible en plusieurs dimensions : de 4 à 12 couverts et plus<br/>- Facile d’entretien : lavable et résistante à un usage quotidien<br/>- À coordonner : s’associe aux serviettes, sets de table et corbeilles assortis<br/><br/>Une nappe qui évoque la dolce vita, pour des repas conviviaux et raffinés.</p>
<table class=""data-sheet""><tr><th>Composition</th><td>100%  COTON BIOLOGIQUE</td></tr><tr><th>Unite</th><td>pièce</td></tr><tr><th>Coloris</th><td>BLEU</td></tr></table>",ARTIGA,,TABLE,"TABLE, Nappes",TRUE,Taille,200 cm,,,,,ADOUN160_1472_200CM,,shopify,0,deny,manual,115.00,,TRUE,TRUE,3661842471587,,,,FALSE,,,4143,,,,,,,kg,,,,,,,,,active,La Gustothèque,0,
3661842471525,Nappe en coton - adour bleu,"<p>Nappe Adour – L’élégance méditerranéenne au cœur de votre table<br/><br/>- 100 % coton bio : douceur, robustesse et qualité textile naturelle<br/>- Inspirée de la Riviera italienne : trois coloris rayés intemporels<br/>- Fabrication française : tissée et confectionnée dans notre atelier du Sud-Ouest<br/>- Disponible en plusieurs dimensions : de 4 à 12 couverts et plus<br/>- Facile d’entretien : lavable et résistante à un usage quotidien<br/>- À coordonner : s’associe aux serviettes, sets de table et corbeilles assortis<br/><br/>Une nappe qui évoque la dolce vita, pour des repas conviviaux et raffinés.</p>
<table class=""data-sheet""><tr><th>Composition</th><td>100%  COTON BIOLOGIQUE</td></tr><tr><th>Unite</th><td>pièce</td></tr><tr><th>Coloris</th><td>BLEU</td></tr></table>",ARTIGA,,TABLE,"TABLE, Nappes",TRUE,Taille,250 cm,,,,,ADOUN160_1472_250CM,,shopify,0,deny,manual,135.00,,TRUE,TRUE,3661842471617,,,,FALSE,,,4143,,,,,,,kg,,,,,,,,,active,La Gustothèque,0,
3661842471525,Nappe en coton - adour bleu,"<p>Nappe Adour – L’élégance méditerranéenne au cœur de votre table<br/><br/>- 100 % coton bio : douceur, robustesse et qualité textile naturelle<br/>- Inspirée de la Riviera italienne : trois coloris rayés intemporels<br/>- Fabrication française : tissée et confectionnée dans notre atelier du Sud-Ouest<br/>- Disponible en plusieurs dimensions : de 4 à 12 couverts et plus<br/>- Facile d’entretien : lavable et résistante à un usage quotidien<br/>- À coordonner : s’associe aux serviettes, sets de table et corbeilles assortis<br/><br/>Une nappe qui évoque la dolce vita, pour des repas conviviaux et raffinés.</p>
<table class=""data-sheet""><tr><th>Composition</th><td>100%  COTON BIOLOGIQUE</td></tr><tr><th>Unite</th><td>pièce</td></tr><tr><th>Coloris</th><td>BLEU</td></tr></table>",ARTIGA,,TABLE,"TABLE, Nappes",TRUE,Taille,300 cm,,,,,ADOUN160_1472_300CM,,shopify,0,deny,manual,159.00,,TRUE,TRUE,3661842471679,,,,FALSE,,,4143,,,,,,,kg,,,,,,,,,active,La Gustothèque,0,
3661842471525,Nappe en coton - adour bleu,"<p>Nappe Adour – L’élégance méditerranéenne au cœur de votre table<br/><br/>- 100 % coton bio : douceur, robustesse et qualité textile naturelle<br/>- Inspirée de la Riviera italienne : trois coloris rayés intemporels<br/>- Fabrication française : tissée et confectionnée dans notre atelier du Sud-Ouest<br/>- Disponible en plusieurs dimensions : de 4 à 12 couverts et plus<br/>- Facile d’entretien : lavable et résistante à un usage quotidien<br/>- À coordonner : s’associe aux serviettes, sets de table et corbeilles assortis<br/><br/>Une nappe qui évoque la dolce vita, pour des repas conviviaux et raffinés.</p>
<table class=""data-sheet""><tr><th>Composition</th><td>100%  COTON BIOLOGIQUE</td></tr><tr><th>Unite</th><td>pièce</td></tr><tr><th>Coloris</th><td>BLEU</td></tr></table>",ARTIGA,,TABLE,"TABLE, Nappes",TRUE,Taille,350 cm,,,,,ADOUN160_1472_350CM,,shopify,0,deny,manual,185.00,,TRUE,TRUE,3661842471730,,,,FALSE,,,4143,,,,,,,kg,,,,,,,,,active,La Gustothèque,0,
3661842471518,Nappe en coton - adour vert,"<p>Nappe Adour – L’élégance méditerranéenne au cœur de votre table<br/><br/>- 100 % coton bio : douceur, robustesse et qualité textile naturelle<br/>- Inspirée de la Riviera italienne : trois coloris rayés intemporels<br/>- Fabrication française : tissée et confectionnée dans notre atelier du Sud-Ouest<br/>- Disponible en plusieurs dimensions : de 4 à 12 couverts et plus<br/>- Facile d’entretien : lavable et résistante à un usage quotidien<br/>- À coordonner : s’associe aux serviettes, sets de table et corbeilles assortis<br/><br/>Une nappe qui évoque la dolce vita, pour des repas conviviaux et raffinés.</p>
<table class=""data-sheet""><tr><th>Composition</th><td>100%  COTON BIOLOGIQUE</td></tr><tr><th>Unite</th><td>pièce</td></tr><tr><th>Coloris</th><td>VERT</td></tr></table>",ARTIGA,,TABLE,"TABLE, Nappes",TRUE,Taille,160 cm,,,,,ADOUN160_1473_160CM,,shopify,0,deny,manual,95.00,,TRUE,TRUE,3661842471518,https://www.artiga.fr/8266-medium_default/nappe-en-coton-adour-vert.jpg,1,Nappe en coton - adour vert,FALSE,,,4143,,,,,,,kg,,,,,,,,,active,La Gustothèque,0,
3661842471518,,,,,,,,,,,,,,,,,,,,,,,,,https://www.artiga.fr/8267-medium_default/nappe-en-coton-adour-vert.jpg,2,Nappe en coton - adour vert,,,,4143,,,,,,,,,,,,,,,,,,,
3661842471518,,,,,,,,,,,,,,,,,,,,,,,,,https://www.artiga.fr/8268-medium_default/nappe-en-coton-adour-vert.jpg,3,Nappe en coton - adour vert,,,,4143,,,,,,,,,,,,,,,,,,,
3661842471518,Nappe en coton - adour vert,"<p>Nappe Adour – L’élégance méditerranéenne au cœur de votre table<br/><br/>- 100 % coton bio : douceur, robustesse et qualité textile naturelle<br/>- Inspirée de la Riviera italienne : trois coloris rayés intemporels<br/>- Fabrication française : tissée et confectionnée dans notre atelier du Sud-Ouest<br/>- Disponible en plusieurs dimensions : de 4 à 12 couverts et plus<br/>- Facile d’entretien : lavable et résistante à un usage quotidien<br/>- À coordonner : s’associe aux serviettes, sets de table et corbeilles assortis<br/><br/>Une nappe qui évoque la dolce vita, pour des repas conviviaux et raffinés.</p>
<table class=""data-sheet""><tr><th>Composition</th><td>100%  COTON BIOLOGIQUE</td></tr><tr><th>Unite</th><td>pièce</td></tr><tr><th>Coloris</th><td>VERT</td></tr></table>",ARTIGA,,TABLE,"TABLE, Nappes",TRUE,Taille,200 cm,,,,,ADOUN160_1473_200CM,,shopify,0,deny,manual,115.00,,TRUE,TRUE,3661842471570,,,,FALSE,,,4143,,,,,,,kg,,,,,,,,,active,La Gustothèque,0,
3661842471518,Nappe en coton - adour vert,"<p>Nappe Adour – L’élégance méditerranéenne au cœur de votre table<br/><br/>- 100 % coton bio : douceur, robustesse et qualité textile naturelle<br/>- Inspirée de la Riviera italienne : trois coloris rayés intemporels<br/>- Fabrication française : tissée et confectionnée dans notre atelier du Sud-Ouest<br/>- Disponible en plusieurs dimensions : de 4 à 12 couverts et plus<br/>- Facile d’entretien : lavable et résistante à un usage quotidien<br/>- À coordonner : s’associe aux serviettes, sets de table et corbeilles assortis<br/><br/>Une nappe qui évoque la dolce vita, pour des repas conviviaux et raffinés.</p>
<table class=""data-sheet""><tr><th>Composition</th><td>100%  COTON BIOLOGIQUE</td></tr><tr><th>Unite</th><td>pièce</td></tr><tr><th>Coloris</th><td>VERT</td></tr></table>",ARTIGA,,TABLE,"TABLE, Nappes",TRUE,Taille,250 cm,,,,,ADOUN160_1473_250CM,,shopify,0,deny,manual,135.00,,TRUE,TRUE,3661842471600,,,,FALSE,,,4143,,,,,,,kg,,,,,,,,,active,La Gustothèque,0,
3661842471518,Nappe en coton - adour vert,"<p>Nappe Adour – L’élégance méditerranéenne au cœur de votre table<br/><br/>- 100 % coton bio : douceur, robustesse et qualité textile naturelle<br/>- Inspirée de la Riviera italienne : trois coloris rayés intemporels<br/>- Fabrication française : tissée et confectionnée dans notre atelier du Sud-Ouest<br/>- Disponible en plusieurs dimensions : de 4 à 12 couverts et plus<br/>- Facile d’entretien : lavable et résistante à un usage quotidien<br/>- À coordonner : s’associe aux serviettes, sets de table et corbeilles assortis<br/><br/>Une nappe qui évoque la dolce vita, pour des repas conviviaux et raffinés.</p>
<table class=""data-sheet""><tr><th>Composition</th><td>100%  COTON BIOLOGIQUE</td></tr><tr><th>Unite</th><td>pièce</td></tr><tr><th>Coloris</th><td>VERT</td></tr></table>",ARTIGA,,TABLE,"TABLE, Nappes",TRUE,Taille,300 cm,,,,,ADOUN160_1473_300CM,,shopify,0,deny,manual,159.00,,TRUE,TRUE,3661842471662,,,,FALSE,,,4143,,,,,,,kg,,,,,,,,,active,La Gustothèque,0,
3661842471518,Nappe en coton - adour vert,"<p>Nappe Adour – L’élégance méditerranéenne au cœur de votre table<br/><br/>- 100 % coton bio : douceur, robustesse et qualité textile naturelle<br/>- Inspirée de la Riviera italienne : trois coloris rayés intemporels<br/>- Fabrication française : tissée et confectionnée dans notre atelier du Sud-Ouest<br/>- Disponible en plusieurs dimensions : de 4 à 12 couverts et plus<br/>- Facile d’entretien : lavable et résistante à un usage quotidien<br/>- À coordonner : s’associe aux serviettes, sets de table et corbeilles assortis<br/><br/>Une nappe qui évoque la dolce vita, pour des repas conviviaux et raffinés.</p>
<table class=""data-sheet""><tr><th>Composition</th><td>100%  COTON BIOLOGIQUE</td></tr><tr><th>Unite</th><td>pièce</td></tr><tr><th>Coloris</th><td>VERT</td></tr></table>",ARTIGA,,TABLE,"TABLE, Nappes",TRUE,Taille,350 cm,,,,,ADOUN160_1473_350CM,,shopify,0,deny,manual,185.00,,TRUE,TRUE,3661842471723,,,,FALSE,,,4143,,,,,,,kg,,,,,,,,,active,La Gustothèque,0,
3661842471501,Nappe en coton - adour rouge,"<p>Nappe Adour – L’élégance méditerranéenne au cœur de votre table<br/><br/>- 100 % coton bio : douceur, robustesse et qualité textile naturelle<br/>- Inspirée de la Riviera italienne : trois coloris rayés intemporels<br/>- Fabrication française : tissée et confectionnée dans notre atelier du Sud-Ouest<br/>- Disponible en plusieurs dimensions : de 4 à 12 couverts et plus<br/>- Facile d’entretien : lavable et résistante à un usage quotidien<br/>- À coordonner : s’associe aux serviettes, sets de table et corbeilles assortis<br/><br/>Une nappe qui évoque la dolce vita, pour des repas conviviaux et raffinés.</p>
<table class=""data-sheet""><tr><th>Composition</th><td>100%  COTON BIOLOGIQUE</td></tr><tr><th>Unite</th><td>pièce</td></tr><tr><th>Coloris</th><td>ROUGE</td></tr></table>",ARTIGA,,TABLE,"TABLE, Nappes",TRUE,Taille,160 cm,,,,,ADOUN160_1474_160CM,,shopify,0,deny,manual,95.00,,TRUE,TRUE,3661842471501,https://www.artiga.fr/8262-medium_default/nappe-en-coton-adour-rouge.jpg,1,Nappe en coton - adour rouge,FALSE,,,4143,,,,,,,kg,,,,,,,,,active,La Gustothèque,0,
3661842471501,,,,,,,,,,,,,,,,,,,,,,,,,https://www.artiga.fr/8263-medium_default/nappe-en-coton-adour-rouge.jpg,2,Nappe en coton - adour rouge,,,,4143,,,,,,,,,,,,,,,,,,,
3661842471501,,,,,,,,,,,,,,,,,,,,,,,,,https://www.artiga.fr/8264-medium_default/nappe-en-coton-adour-rouge.jpg,3,Nappe en coton - adour rouge,,,,4143,,,,,,,,,,,,,,,,,,,
3661842471501,,,,,,,,,,,,,,,,,,,,,,,,,https://www.artiga.fr/8265-medium_default/nappe-en-coton-adour-rouge.jpg,4,Nappe en coton - adour rouge,,,,4143,,,,,,,,,,,,,,,,,,,
3661842471501,Nappe en coton - adour rouge,"<p>Nappe Adour – L’élégance méditerranéenne au cœur de votre table<br/><br/>- 100 % coton bio : douceur, robustesse et qualité textile naturelle<br/>- Inspirée de la Riviera italienne : trois coloris rayés intemporels<br/>- Fabrication française : tissée et confectionnée dans notre atelier du Sud-Ouest<br/>- Disponible en plusieurs dimensions : de 4 à 12 couverts et plus<br/>- Facile d’entretien : lavable et résistante à un usage quotidien<br/>- À coordonner : s’associe aux serviettes, sets de table et corbeilles assortis<br/><br/>Une nappe qui évoque la dolce vita, pour des repas conviviaux et raffinés.</p>
<table class=""data-sheet""><tr><th>Composition</th><td>100%  COTON BIOLOGIQUE</td></tr><tr><th>Unite</th><td>pièce</td></tr><tr><th>Coloris</th><td>ROUGE</td></tr></table>",ARTIGA,,TABLE,"TABLE, Nappes",TRUE,Taille,200 cm,,,,,ADOUN160_1474_200CM,,shopify,0,deny,manual,115.00,,TRUE,TRUE,3661842471563,,,,FALSE,,,4143,,,,,,,kg,,,,,,,,,active,La Gustothèque,0,
3661842471501,Nappe en coton - adour rouge,"<p>Nappe Adour – L’élégance méditerranéenne au cœur de votre table<br/><br/>- 100 % coton bio : douceur, robustesse et qualité textile naturelle<br/>- Inspirée de la Riviera italienne : trois coloris rayés intemporels<br/>- Fabrication française : tissée et confectionnée dans notre atelier du Sud-Ouest<br/>- Disponible en plusieurs dimensions : de 4 à 12 couverts et plus<br/>- Facile d’entretien : lavable et résistante à un usage quotidien<br/>- À coordonner : s’associe aux serviettes, sets de table et corbeilles assortis<br/><br/>Une nappe qui évoque la dolce vita, pour des repas conviviaux et raffinés.</p>
<table class=""data-sheet""><tr><th>Composition</th><td>100%  COTON BIOLOGIQUE</td></tr><tr><th>Unite</th><td>pièce</td></tr><tr><th>Coloris</th><td>ROUGE</td></tr></table>",ARTIGA,,TABLE,"TABLE, Nappes",TRUE,Taille,250 cm,,,,,ADOUN160_1474_250CM,,shopify,0,deny,manual,135.00,,TRUE,TRUE,3661842471594,,,,FALSE,,,4143,,,,,,,kg,,,,,,,,,active,La Gustothèque,0,
3661842471501,Nappe en coton - adour rouge,"<p>Nappe Adour – L’élégance méditerranéenne au cœur de votre table<br/><br/>- 100 % coton bio : douceur, robustesse et qualité textile naturelle<br/>- Inspirée de la Riviera italienne : trois coloris rayés intemporels<br/>- Fabrication française : tissée et confectionnée dans notre atelier du Sud-Ouest<br/>- Disponible en plusieurs dimensions : de 4 à 12 couverts et plus<br/>- Facile d’entretien : lavable et résistante à un usage quotidien<br/>- À coordonner : s’associe aux serviettes, sets de table et corbeilles assortis<br/><br/>Une nappe qui évoque la dolce vita, pour des repas conviviaux et raffinés.</p>
<table class=""data-sheet""><tr><th>Composition</th><td>100%  COTON BIOLOGIQUE</td></tr><tr><th>Unite</th><td>pièce</td></tr><tr><th>Coloris</th><td>ROUGE</td></tr></table>",ARTIGA,,TABLE,"TABLE, Nappes",TRUE,Taille,300 cm,,,,,ADOUN160_1474_300CM,,shopify,0,deny,manual,159.00,,TRUE,TRUE,3661842471655,,,,FALSE,,,4143,,,,,,,kg,,,,,,,,,active,La Gustothèque,0,
3661842471501,Nappe en coton - adour rouge,"<p>Nappe Adour – L’élégance méditerranéenne au cœur de votre table<br/><br/>- 100 % coton bio : douceur, robustesse et qualité textile naturelle<br/>- Inspirée de la Riviera italienne : trois coloris rayés intemporels<br/>- Fabrication française : tissée et confectionnée dans notre atelier du Sud-Ouest<br/>- Disponible en plusieurs dimensions : de 4 à 12 couverts et plus<br/>- Facile d’entretien : lavable et résistante à un usage quotidien<br/>- À coordonner : s’associe aux serviettes, sets de table et corbeilles assortis<br/><br/>Une nappe qui évoque la dolce vita, pour des repas conviviaux et raffinés.</p>
<table class=""data-sheet""><tr><th>Composition</th><td>100%  COTON BIOLOGIQUE</td></tr><tr><th>Unite</th><td>pièce</td></tr><tr><th>Coloris</th><td>ROUGE</td></tr></table>",ARTIGA,,TABLE,"TABLE, Nappes",TRUE,Taille,350 cm,,,,,ADOUN160_1474_350CM,,shopify,0,deny,manual,185.00,,TRUE,TRUE,3661842471716,,,,FALSE,,,4143,,,,,,,kg,,,,,,,,,active,La Gustothèque,0,
3661842475622,Nappe en coton - argelos,"<p>Apportez du caractère à vos repas avec la <strong>nappe ARGELOS</strong>, une création de notre <strong>collection capsule Automne-Hiver 2025</strong>.<br/>Ses <strong>rayures élégantes</strong> aux coloris froids relevés de touches vives illuminent vos tables en bois, métal ou tons foncés.<br/>Fabriquée dans notre <strong>atelier de Magescq</strong> avec un <strong>savoir-faire artisanal</strong>, elle conjugue <strong>esthétique</strong> et <strong>qualité</strong>.<br/>Disponible en plusieurs dimensions, elle s’adapte parfaitement à vos repas du quotidien comme aux grandes occasions.</p>
<table class=""data-sheet""><tr><th>Composition</th><td>100% COTON</td></tr><tr><th>Unite</th><td>pièce</td></tr><tr><th>Coloris</th><td>MULTICOLORE</td></tr></table>",ARTIGA,,TABLE,"TABLE, Nappes",TRUE,Taille,160 cm,,,,,ARGEN160_1492_160CM,,shopify,0,deny,manual,115.00,,TRUE,TRUE,3661842475622,https://www.artiga.fr/8031-medium_default/nappe-en-coton-argelos.jpg,1,Nappe en coton - argelos,FALSE,,,4143,,,,,,,kg,,,,,,,,,active,La Gustothèque,0,
3661842475622,,,,,,,,,,,,,,,,,,,,,,,,,https://www.artiga.fr/8032-medium_default/nappe-en-coton-argelos.jpg,2,Nappe en coton - argelos,,,,4143,,,,,,,,,,,,,,,,,,,
3661842475622,,,,,,,,,,,,,,,,,,,,,,,,,https://www.artiga.fr/8033-medium_default/nappe-en-coton-argelos.jpg,3,Nappe en coton - argelos,,,,4143,,,,,,,,,,,,,,,,,,,
3661842475622,,,,,,,,,,,,,,,,,,,,,,,,,https://www.artiga.fr/8034-medium_default/nappe-en-coton-argelos.jpg,4,Nappe en coton - argelos,,,,4143,,,,,,,,,,,,,,,,,,,
3661842475622,,,,,,,,,,,,,,,,,,,,,,,,,https://www.artiga.fr/8035-medium_default/nappe-en-coton-argelos.jpg,5,Nappe en coton - argelos,,,,4143,,,,,,,,,,,,,,,,,,,
3661842475622,,,,,,,,,,,,,,,,,,,,,,,,,https://www.artiga.fr/8036-medium_default/nappe-en-coton-argelos.jpg,6,Nappe en coton - argelos,,,,4143,,,,,,,,,,,,,,,,,,,
3661842475622,Nappe en coton - argelos,"<p>Apportez du caractère à vos repas avec la <strong>nappe ARGELOS</strong>, une création de notre <strong>collection capsule Automne-Hiver 2025</strong>.<br/>Ses <strong>rayures élégantes</strong> aux coloris froids relevés de touches vives illuminent vos tables en bois, métal ou tons foncés.<br/>Fabriquée dans notre <strong>atelier de Magescq</strong> avec un <strong>savoir-faire artisanal</strong>, elle conjugue <strong>esthétique</strong> et <strong>qualité</strong>.<br/>Disponible en plusieurs dimensions, elle s’adapte parfaitement à vos repas du quotidien comme aux grandes occasions.</p>
<table class=""data-sheet""><tr><th>Composition</th><td>100% COTON</td></tr><tr><th>Unite</th><td>pièce</td></tr><tr><th>Coloris</th><td>MULTICOLORE</td></tr></table>",ARTIGA,,TABLE,"TABLE, Nappes",TRUE,Taille,200 cm,,,,,ARGEN160_1492_200CM,,shopify,0,deny,manual,129.00,,TRUE,TRUE,3661842475639,,,,FALSE,,,4143,,,,,,,kg,,,,,,,,,active,La Gustothèque,0,
3661842475622,Nappe en coton - argelos,"<p>Apportez du caractère à vos repas avec la <strong>nappe ARGELOS</strong>, une création de notre <strong>collection capsule Automne-Hiver 2025</strong>.<br/>Ses <strong>rayures élégantes</strong> aux coloris froids relevés de touches vives illuminent vos tables en bois, métal ou tons foncés.<br/>Fabriquée dans notre <strong>atelier de Magescq</strong> avec un <strong>savoir-faire artisanal</strong>, elle conjugue <strong>esthétique</strong> et <strong>qualité</strong>.<br/>Disponible en plusieurs dimensions, elle s’adapte parfaitement à vos repas du quotidien comme aux grandes occasions.</p>
<table class=""data-sheet""><tr><th>Composition</th><td>100% COTON</td></tr><tr><th>Unite</th><td>pièce</td></tr><tr><th>Coloris</th><td>MULTICOLORE</td></tr></table>",ARTIGA,,TABLE,"TABLE, Nappes",TRUE,Taille,250 cm,,,,,ARGEN160_1492_250CM,,shopify,0,deny,manual,159.00,,TRUE,TRUE,3661842475646,,,,FALSE,,,4143,,,,,,,kg,,,,,,,,,active,La Gustothèque,0,
3661842475622,Nappe en coton - argelos,"<p>Apportez du caractère à vos repas avec la <strong>nappe ARGELOS</strong>, une création de notre <strong>collection capsule Automne-Hiver 2025</strong>.<br/>Ses <strong>rayures élégantes</strong> aux coloris froids relevés de touches vives illuminent vos tables en bois, métal ou tons foncés.<br/>Fabriquée dans notre <strong>atelier de Magescq</strong> avec un <strong>savoir-faire artisanal</strong>, elle conjugue <strong>esthétique</strong> et <strong>qualité</strong>.<br/>Disponible en plusieurs dimensions, elle s’adapte parfaitement à vos repas du quotidien comme aux grandes occasions.</p>
<table class=""data-sheet""><tr><th>Composition</th><td>100% COTON</td></tr><tr><th>Unite</th><td>pièce</td></tr><tr><th>Coloris</th><td>MULTICOLORE</td></tr></table>",ARTIGA,,TABLE,"TABLE, Nappes",TRUE,Taille,300 cm,,,,,ARGEN160_1492_300CM,,shopify,0,deny,manual,185.00,,TRUE,TRUE,3661842475653,,,,FALSE,,,4143,,,,,,,kg,,,,,,,,,active,La Gustothèque,0,
3661842475622,Nappe en coton - argelos,"<p>Apportez du caractère à vos repas avec la <strong>nappe ARGELOS</strong>, une création de notre <strong>collection capsule Automne-Hiver 2025</strong>.<br/>Ses <strong>rayures élégantes</strong> aux coloris froids relevés de touches vives illuminent vos tables en bois, métal ou tons foncés.<br/>Fabriquée dans notre <strong>atelier de Magescq</strong> avec un <strong>savoir-faire artisanal</strong>, elle conjugue <strong>esthétique</strong> et <strong>qualité</strong>.<br/>Disponible en plusieurs dimensions, elle s’adapte parfaitement à vos repas du quotidien comme aux grandes occasions.</p>
<table class=""data-sheet""><tr><th>Composition</th><td>100% COTON</td></tr><tr><th>Unite</th><td>pièce</td></tr><tr><th>Coloris</th><td>MULTICOLORE</td></tr></table>",ARTIGA,,TABLE,"TABLE, Nappes",TRUE,Taille,350 cm,,,,,ARGEN160_1492_350CM,,shopify,0,deny,manual,209.00,,TRUE,TRUE,3661842475660,,,,FALSE,,,4143,,,,,,,kg,,,,,,,,,active,La Gustothèque,0,
3661842475806,Nappe en coton - cazalis,"<p>Apportez du caractère à votre table avec la <strong>nappe Cazalis en 100% coton</strong>, une création <strong>Artiga</strong> au style unique.<br/>Ses <strong>rayures harmonieuses</strong> associent le vert olive, le bleu glacier, le melon, le terracotta et de larges bandes noir et écru.<br/>Disponible en plusieurs tailles, elle s’adapte à toutes vos tables : <strong>4, 6, 8, 10 ou 12 couverts.</strong><br/>Chaque repas devient un moment chaleureux grâce à cette <strong>nappe française fabriquée dans notre atelier.</strong></p>
<table class=""data-sheet""><tr><th>Composition</th><td>100% COTON</td></tr><tr><th>Unite</th><td>pièce</td></tr><tr><th>Coloris</th><td>MULTICOLORE</td></tr></table>",ARTIGA,,TABLE,"TABLE, Nappes",TRUE,Taille,160 cm,,,,,CAZALN160_1493_160CM,,shopify,0,deny,manual,115.00,,TRUE,TRUE,3661842475806,https://www.artiga.fr/8186-medium_default/nappe-en-coton-cazalis.jpg,1,Nappe en coton - cazalis,FALSE,,,4143,,,,,,,kg,,,,,,,,,active,La Gustothèque,0,
3661842475806,,,,,,,,,,,,,,,,,,,,,,,,,https://www.artiga.fr/8187-medium_default/nappe-en-coton-cazalis.jpg,2,Nappe en coton - cazalis,,,,4143,,,,,,,,,,,,,,,,,,,
3661842475806,,,,,,,,,,,,,,,,,,,,,,,,,https://www.artiga.fr/8188-medium_default/nappe-en-coton-cazalis.jpg,3,Nappe en coton - cazalis,,,,4143,,,,,,,,,,,,,,,,,,,
3661842475806,,,,,,,,,,,,,,,,,,,,,,,,,https://www.artiga.fr/8189-medium_default/nappe-en-coton-cazalis.jpg,4,Nappe en coton - cazalis,,,,4143,,,,,,,,,,,,,,,,,,,
3661842475806,,,,,,,,,,,,,,,,,,,,,,,,,https://www.artiga.fr/8190-medium_default/nappe-en-coton-cazalis.jpg,5,Nappe en coton - cazalis,,,,4143,,,,,,,,,,,,,,,,,,,
3661842475806,Nappe en coton - cazalis,"<p>Apportez du caractère à votre table avec la <strong>nappe Cazalis en 100% coton</strong>, une création <strong>Artiga</strong> au style unique.<br/>Ses <strong>rayures harmonieuses</strong> associent le vert olive, le bleu glacier, le melon, le terracotta et de larges bandes noir et écru.<br/>Disponible en plusieurs tailles, elle s’adapte à toutes vos tables : <strong>4, 6, 8, 10 ou 12 couverts.</strong><br/>Chaque repas devient un moment chaleureux grâce à cette <strong>nappe française fabriquée dans notre atelier.</strong></p>
<table class=""data-sheet""><tr><th>Composition</th><td>100% COTON</td></tr><tr><th>Unite</th><td>pièce</td></tr><tr><th>Coloris</th><td>MULTICOLORE</td></tr></table>",ARTIGA,,TABLE,"TABLE, Nappes",TRUE,Taille,200 cm,,,,,CAZALN160_1493_200CM,,shopify,0,deny,manual,129.00,,TRUE,TRUE,3661842475813,,,,FALSE,,,4143,,,,,,,kg,,,,,,,,,active,La Gustothèque,0,
3661842475806,Nappe en coton - cazalis,"<p>Apportez du caractère à votre table avec la <strong>nappe Cazalis en 100% coton</strong>, une création <strong>Artiga</strong> au style unique.<br/>Ses <strong>rayures harmonieuses</strong> associent le vert olive, le bleu glacier, le melon, le terracotta et de larges bandes noir et écru.<br/>Disponible en plusieurs tailles, elle s’adapte à toutes vos tables : <strong>4, 6, 8, 10 ou 12 couverts.</strong><br/>Chaque repas devient un moment chaleureux grâce à cette <strong>nappe française fabriquée dans notre atelier.</strong></p>
<table class=""data-sheet""><tr><th>Composition</th><td>100% COTON</td></tr><tr><th>Unite</th><td>pièce</td></tr><tr><th>Coloris</th><td>MULTICOLORE</td></tr></table>",ARTIGA,,TABLE,"TABLE, Nappes",TRUE,Taille,250 cm,,,,,CAZALN160_1493_250CM,,shopify,0,deny,manual,159.00,,TRUE,TRUE,3661842475820,,,,FALSE,,,4143,,,,,,,kg,,,,,,,,,active,La Gustothèque,0,
3661842475806,Nappe en coton - cazalis,"<p>Apportez du caractère à votre table avec la <strong>nappe Cazalis en 100% coton</strong>, une création <strong>Artiga</strong> au style unique.<br/>Ses <strong>rayures harmonieuses</strong> associent le vert olive, le bleu glacier, le melon, le terracotta et de larges bandes noir et écru.<br/>Disponible en plusieurs tailles, elle s’adapte à toutes vos tables : <strong>4, 6, 8, 10 ou 12 couverts.</strong><br/>Chaque repas devient un moment chaleureux grâce à cette <strong>nappe française fabriquée dans notre atelier.</strong></p>
<table class=""data-sheet""><tr><th>Composition</th><td>100% COTON</td></tr><tr><th>Unite</th><td>pièce</td></tr><tr><th>Coloris</th><td>MULTICOLORE</td></tr></table>",ARTIGA,,TABLE,"TABLE, Nappes",TRUE,Taille,300 cm,,,,,CAZALN160_1493_300CM,,shopify,0,deny,manual,185.00,,TRUE,TRUE,3661842475837,,,,FALSE,,,4143,,,,,,,kg,,,,,,,,,active,La Gustothèque,0,
3661842475806,Nappe en coton - cazalis,"<p>Apportez du caractère à votre table avec la <strong>nappe Cazalis en 100% coton</strong>, une création <strong>Artiga</strong> au style unique.<br/>Ses <strong>rayures harmonieuses</strong> associent le vert olive, le bleu glacier, le melon, le terracotta et de larges bandes noir et écru.<br/>Disponible en plusieurs tailles, elle s’adapte à toutes vos tables : <strong>4, 6, 8, 10 ou 12 couverts.</strong><br/>Chaque repas devient un moment chaleureux grâce à cette <strong>nappe française fabriquée dans notre atelier.</strong></p>
<table class=""data-sheet""><tr><th>Composition</th><td>100% COTON</td></tr><tr><th>Unite</th><td>pièce</td></tr><tr><th>Coloris</th><td>MULTICOLORE</td></tr></table>",ARTIGA,,TABLE,"TABLE, Nappes",TRUE,Taille,350 cm,,,,,CAZALN160_1493_350CM,,shopify,0,deny,manual,209.00,,TRUE,TRUE,3661842475844,,,,FALSE,,,4143,,,,,,,kg,,,,,,,,,active,La Gustothèque,0,
3661842024714,Nappe en coton et lin - corda metis bxbl,"<p>Un peu de Sud-ouest dans vos assiettes !</p>
<table class=""data-sheet""><tr><th>Composition</th><td>70% COTON    30% LIN</td></tr><tr><th>Unite</th><td>pièce</td></tr><tr><th>Coloris</th><td>ROUGE</td></tr></table>",ARTIGA,,TABLE,"TABLE, Nappes",TRUE,Taille,170 cm,,,,,COMEN160_0809_170CM,,shopify,0,deny,manual,115.00,,TRUE,TRUE,3661842024714,https://www.artiga.fr/8965-medium_default/nappe-en-coton-et-lin-corda-metis-bxbl.jpg,1,Nappe en coton et lin - corda metis bxbl,FALSE,,,4143,,,,,,,kg,,,,,,,,,active,La Gustothèque,0,
3661842024714,,,,,,,,,,,,,,,,,,,,,,,,,https://www.artiga.fr/8963-medium_default/nappe-en-coton-et-lin-corda-metis-bxbl.jpg,2,Nappe en coton et lin - corda metis bxbl,,,,4143,,,,,,,,,,,,,,,,,,,
3661842024714,,,,,,,,,,,,,,,,,,,,,,,,,https://www.artiga.fr/8964-medium_default/nappe-en-coton-et-lin-corda-metis-bxbl.jpg,3,Nappe en coton et lin - corda metis bxbl,,,,4143,,,,,,,,,,,,,,,,,,,
3661842024714,,,,,,,,,,,,,,,,,,,,,,,,,https://www.artiga.fr/8966-medium_default/nappe-en-coton-et-lin-corda-metis-bxbl.jpg,4,Nappe en coton et lin - corda metis bxbl,,,,4143,,,,,,,,,,,,,,,,,,,
3661842024714,Nappe en coton et lin - corda metis bxbl,"<p>Un peu de Sud-ouest dans vos assiettes !</p>
<table class=""data-sheet""><tr><th>Composition</th><td>70% COTON    30% LIN</td></tr><tr><th>Unite</th><td>pièce</td></tr><tr><th>Coloris</th><td>ROUGE</td></tr></table>",ARTIGA,,TABLE,"TABLE, Nappes",TRUE,Taille,200 cm,,,,,COMEN160_0809_200CM,,shopify,0,deny,manual,129.00,,TRUE,TRUE,3661842024806,,,,FALSE,,,4143,,,,,,,kg,,,,,,,,,active,La Gustothèque,0,
3661842024714,Nappe en coton et lin - corda metis bxbl,"<p>Un peu de Sud-ouest dans vos assiettes !</p>
<table class=""data-sheet""><tr><th>Composition</th><td>70% COTON    30% LIN</td></tr><tr><th>Unite</th><td>pièce</td></tr><tr><th>Coloris</th><td>ROUGE</td></tr></table>",ARTIGA,,TABLE,"TABLE, Nappes",TRUE,Taille,250 cm,,,,,COMEN160_0809_250CM,,shopify,0,deny,manual,159.00,,TRUE,TRUE,3661842024899,,,,FALSE,,,4143,,,,,,,kg,,,,,,,,,active,La Gustothèque,0,
3661842024714,Nappe en coton et lin - corda metis bxbl,"<p>Un peu de Sud-ouest dans vos assiettes !</p>
<table class=""data-sheet""><tr><th>Composition</th><td>70% COTON    30% LIN</td></tr><tr><th>Unite</th><td>pièce</td></tr><tr><th>Coloris</th><td>ROUGE</td></tr></table>",ARTIGA,,TABLE,"TABLE, Nappes",TRUE,Taille,300 cm,,,,,COMEN160_0809_300CM,,shopify,0,deny,manual,185.00,,TRUE,TRUE,3661842024981,,,,FALSE,,,4143,,,,,,,kg,,,,,,,,,active,La Gustothèque,0,
3661842024714,Nappe en coton et lin - corda metis bxbl,"<p>Un peu de Sud-ouest dans vos assiettes !</p>
<table class=""data-sheet""><tr><th>Composition</th><td>70% COTON    30% LIN</td></tr><tr><th>Unite</th><td>pièce</td></tr><tr><th>Coloris</th><td>ROUGE</td></tr></table>",ARTIGA,,TABLE,"TABLE, Nappes",TRUE,Taille,350 cm,,,,,COMEN160_0809_350CM,,shopify,0,deny,manual,209.00,,TRUE,TRUE,3661842025070,,,,FALSE,,,4143,,,,,,,kg,,,,,,,,,active,La Gustothèque,0,
3661842471952,Nappe en coton et lin - corda vert bout/bla,"<p>Un peu de Sud-ouest dans vos assiettes !</p>
<table class=""data-sheet""><tr><th>Composition</th><td>70% COTON    30% LIN</td></tr><tr><th>Unite</th><td>pièce</td></tr><tr><th>Coloris</th><td>VERT</td></tr></table>",ARTIGA,,TABLE,"TABLE, Nappes",TRUE,Taille,170 cm,,,,,COMEN160_1463_170CM,,shopify,0,deny,manual,115.00,,TRUE,TRUE,3661842471952,https://www.artiga.fr/8671-medium_default/nappe-en-coton-et-lin-corda-vert-bout-bla.jpg,1,Nappe en coton et lin - corda vert bout/bla,FALSE,,,4143,,,,,,,kg,,,,,,,,,active,La Gustothèque,0,
3661842471952,,,,,,,,,,,,,,,,,,,,,,,,,https://www.artiga.fr/8672-medium_default/nappe-en-coton-et-lin-corda-vert-bout-bla.jpg,2,Nappe en coton et lin - corda vert bout/bla,,,,4143,,,,,,,,,,,,,,,,,,,
3661842471952,,,,,,,,,,,,,,,,,,,,,,,,,https://www.artiga.fr/8673-medium_default/nappe-en-coton-et-lin-corda-vert-bout-bla.jpg,3,Nappe en coton et lin - corda vert bout/bla,,,,4143,,,,,,,,,,,,,,,,,,,
3661842471952,,,,,,,,,,,,,,,,,,,,,,,,,https://www.artiga.fr/8674-medium_default/nappe-en-coton-et-lin-corda-vert-bout-bla.jpg,4,Nappe en coton et lin - corda vert bout/bla,,,,4143,,,,,,,,,,,,,,,,,,,
3661842471952,Nappe en coton et lin - corda vert bout/bla,"<p>Un peu de Sud-ouest dans vos assiettes !</p>
<table class=""data-sheet""><tr><th>Composition</th><td>70% COTON    30% LIN</td></tr><tr><th>Unite</th><td>pièce</td></tr><tr><th>Coloris</th><td>VERT</td></tr></table>",ARTIGA,,TABLE,"TABLE, Nappes",TRUE,Taille,200 cm,,,,,COMEN160_1463_200CM,,shopify,0,deny,manual,129.00,,TRUE,TRUE,3661842471969,,,,FALSE,,,4143,,,,,,,kg,,,,,,,,,active,La Gustothèque,0,
3661842471952,Nappe en coton et lin - corda vert bout/bla,"<p>Un peu de Sud-ouest dans vos assiettes !</p>
<table class=""data-sheet""><tr><th>Composition</th><td>70% COTON    30% LIN</td></tr><tr><th>Unite</th><td>pièce</td></tr><tr><th>Coloris</th><td>VERT</td></tr></table>",ARTIGA,,TABLE,"TABLE, Nappes",TRUE,Taille,250 cm,,,,,COMEN160_1463_250CM,,shopify,0,deny,manual,159.00,,TRUE,TRUE,3661842471976,,,,FALSE,,,4143,,,,,,,kg,,,,,,,,,active,La Gustothèque,0,
3661842471952,Nappe en coton et lin - corda vert bout/bla,"<p>Un peu de Sud-ouest dans vos assiettes !</p>
<table class=""data-sheet""><tr><th>Composition</th><td>70% COTON    30% LIN</td></tr><tr><th>Unite</th><td>pièce</td></tr><tr><th>Coloris</th><td>VERT</td></tr></table>",ARTIGA,,TABLE,"TABLE, Nappes",TRUE,Taille,300 cm,,,,,COMEN160_1463_300CM,,shopify,0,deny,manual,185.00,,TRUE,TRUE,3661842471983,,,,FALSE,,,4143,,,,,,,kg,,,,,,,,,active,La Gustothèque,0,
3661842471952,Nappe en coton et lin - corda vert bout/bla,"<p>Un peu de Sud-ouest dans vos assiettes !</p>
<table class=""data-sheet""><tr><th>Composition</th><td>70% COTON    30% LIN</td></tr><tr><th>Unite</th><td>pièce</td></tr><tr><th>Coloris</th><td>VERT</td></tr></table>",ARTIGA,,TABLE,"TABLE, Nappes",TRUE,Taille,350 cm,,,,,COMEN160_1463_350CM,,shopify,0,deny,manual,209.00,,TRUE,TRUE,3661842471990,,,,FALSE,,,4143,,,,,,,kg,,,,,,,,,active,La Gustothèque,0,
3661842472348,Nappe en coton - garlin bleu bic,"<p>Un peu de Sud-ouest dans vos assiettes !</p>
<table class=""data-sheet""><tr><th>Composition</th><td>100%  COTON BIOLOGIQUE</td></tr><tr><th>Unite</th><td>pièce</td></tr><tr><th>Coloris</th><td>BLEU</td></tr><tr><th>Label</th><td>100 % Coton Bio</td></tr></table>",ARTIGA,,TABLE,"TABLE, Nappes",TRUE,Taille,160 cm,,,,,GARLN160_1464_160CM,,shopify,0,deny,manual,115.00,,TRUE,TRUE,3661842472348,https://www.artiga.fr/8534-medium_default/nappe-en-coton-garlin-bleu-bic.jpg,1,Nappe en coton - garlin bleu bic,FALSE,,,4143,,,,,,,kg,,,,,,,,,active,La Gustothèque,0,
3661842472348,,,,,,,,,,,,,,,,,,,,,,,,,https://www.artiga.fr/8535-medium_default/nappe-en-coton-garlin-bleu-bic.jpg,2,Nappe en coton - garlin bleu bic,,,,4143,,,,,,,,,,,,,,,,,,,
3661842472348,,,,,,,,,,,,,,,,,,,,,,,,,https://www.artiga.fr/8536-medium_default/nappe-en-coton-garlin-bleu-bic.jpg,3,Nappe en coton - garlin bleu bic,,,,4143,,,,,,,,,,,,,,,,,,,
3661842472348,Nappe en coton - garlin bleu bic,"<p>Un peu de Sud-ouest dans vos assiettes !</p>
<table class=""data-sheet""><tr><th>Composition</th><td>100%  COTON BIOLOGIQUE</td></tr><tr><th>Unite</th><td>pièce</td></tr><tr><th>Coloris</th><td>BLEU</td></tr><tr><th>Label</th><td>100 % Coton Bio</td></tr></table>",ARTIGA,,TABLE,"TABLE, Nappes",TRUE,Taille,200 cm,,,,,GARLN160_1464_200CM,,shopify,0,deny,manual,129.00,,TRUE,TRUE,3661842472379,,,,FALSE,,,4143,,,,,,,kg,,,,,,,,,active,La Gustothèque,0,
3661842472348,Nappe en coton - garlin bleu bic,"<p>Un peu de Sud-ouest dans vos assiettes !</p>
<table class=""data-sheet""><tr><th>Composition</th><td>100%  COTON BIOLOGIQUE</td></tr><tr><th>Unite</th><td>pièce</td></tr><tr><th>Coloris</th><td>BLEU</td></tr><tr><th>Label</th><td>100 % Coton Bio</td></tr></table>",ARTIGA,,TABLE,"TABLE, Nappes",TRUE,Taille,250 cm,,,,,GARLN160_1464_250CM,,shopify,0,deny,manual,159.00,,TRUE,TRUE,3661842472409,,,,FALSE,,,4143,,,,,,,kg,,,,,,,,,active,La Gustothèque,0,
3661842472348,Nappe en coton - garlin bleu bic,"<p>Un peu de Sud-ouest dans vos assiettes !</p>
<table class=""data-sheet""><tr><th>Composition</th><td>100%  COTON BIOLOGIQUE</td></tr><tr><th>Unite</th><td>pièce</td></tr><tr><th>Coloris</th><td>BLEU</td></tr><tr><th>Label</th><td>100 % Coton Bio</td></tr></table>",ARTIGA,,TABLE,"TABLE, Nappes",TRUE,Taille,300 cm,,,,,GARLN160_1464_300CM,,shopify,0,deny,manual,185.00,,TRUE,TRUE,3661842472430,,,,FALSE,,,4143,,,,,,,kg,,,,,,,,,active,La Gustothèque,0,
3661842472348,Nappe en coton - garlin bleu bic,"<p>Un peu de Sud-ouest dans vos assiettes !</p>
<table class=""data-sheet""><tr><th>Composition</th><td>100%  COTON BIOLOGIQUE</td></tr><tr><th>Unite</th><td>pièce</td></tr><tr><th>Coloris</th><td>BLEU</td></tr><tr><th>Label</th><td>100 % Coton Bio</td></tr></table>",ARTIGA,,TABLE,"TABLE, Nappes",TRUE,Taille,350 cm,,,,,GARLN160_1464_350CM,,shopify,0,deny,manual,209.00,,TRUE,TRUE,3661842472461,,,,FALSE,,,4143,,,,,,,kg,,,,,,,,,active,La Gustothèque,0,
3661842472331,Nappe en coton - garlin pêche,"<p>Un peu de Sud-ouest dans vos assiettes !</p>
<table class=""data-sheet""><tr><th>Composition</th><td>100%  COTON BIOLOGIQUE</td></tr><tr><th>Unite</th><td>pièce</td></tr><tr><th>Coloris</th><td>MULTICOLORE</td></tr><tr><th>Label</th><td>100 % Coton Bio</td></tr></table>",ARTIGA,,TABLE,"TABLE, Nappes",TRUE,Taille,160 cm,,,,,GARLN160_1465_160CM,,shopify,0,deny,manual,115.00,,TRUE,TRUE,3661842472331,https://www.artiga.fr/8537-medium_default/nappe-en-coton-garlin-peche.jpg,1,Nappe en coton - garlin pêche,FALSE,,,4143,,,,,,,kg,,,,,,,,,active,La Gustothèque,0,
3661842472331,,,,,,,,,,,,,,,,,,,,,,,,,https://www.artiga.fr/8538-medium_default/nappe-en-coton-garlin-peche.jpg,2,Nappe en coton - garlin pêche,,,,4143,,,,,,,,,,,,,,,,,,,
3661842472331,,,,,,,,,,,,,,,,,,,,,,,,,https://www.artiga.fr/8539-medium_default/nappe-en-coton-garlin-peche.jpg,3,Nappe en coton - garlin pêche,,,,4143,,,,,,,,,,,,,,,,,,,
3661842472331,Nappe en coton - garlin pêche,"<p>Un peu de Sud-ouest dans vos assiettes !</p>
<table class=""data-sheet""><tr><th>Composition</th><td>100%  COTON BIOLOGIQUE</td></tr><tr><th>Unite</th><td>pièce</td></tr><tr><th>Coloris</th><td>MULTICOLORE</td></tr><tr><th>Label</th><td>100 % Coton Bio</td></tr></table>",ARTIGA,,TABLE,"TABLE, Nappes",TRUE,Taille,200 cm,,,,,GARLN160_1465_200CM,,shopify,0,deny,manual,129.00,,TRUE,TRUE,3661842472362,,,,FALSE,,,4143,,,,,,,kg,,,,,,,,,active,La Gustothèque,0,
3661842472331,Nappe en coton - garlin pêche,"<p>Un peu de Sud-ouest dans vos assiettes !</p>
<table class=""data-sheet""><tr><th>Composition</th><td>100%  COTON BIOLOGIQUE</td></tr><tr><th>Unite</th><td>pièce</td></tr><tr><th>Coloris</th><td>MULTICOLORE</td></tr><tr><th>Label</th><td>100 % Coton Bio</td></tr></table>",ARTIGA,,TABLE,"TABLE, Nappes",TRUE,Taille,250 cm,,,,,GARLN160_1465_250CM,,shopify,0,deny,manual,159.00,,TRUE,TRUE,3661842472393,,,,FALSE,,,4143,,,,,,,kg,,,,,,,,,active,La Gustothèque,0,
3661842472331,Nappe en coton - garlin pêche,"<p>Un peu de Sud-ouest dans vos assiettes !</p>
<table class=""data-sheet""><tr><th>Composition</th><td>100%  COTON BIOLOGIQUE</td></tr><tr><th>Unite</th><td>pièce</td></tr><tr><th>Coloris</th><td>MULTICOLORE</td></tr><tr><th>Label</th><td>100 % Coton Bio</td></tr></table>",ARTIGA,,TABLE,"TABLE, Nappes",TRUE,Taille,300 cm,,,,,GARLN160_1465_300CM,,shopify,0,deny,manual,185.00,,TRUE,TRUE,3661842472423,,,,FALSE,,,4143,,,,,,,kg,,,,,,,,,active,La Gustothèque,0,
3661842472331,Nappe en coton - garlin pêche,"<p>Un peu de Sud-ouest dans vos assiettes !</p>
<table class=""data-sheet""><tr><th>Composition</th><td>100%  COTON BIOLOGIQUE</td></tr><tr><th>Unite</th><td>pièce</td></tr><tr><th>Coloris</th><td>MULTICOLORE</td></tr><tr><th>Label</th><td>100 % Coton Bio</td></tr></table>",ARTIGA,,TABLE,"TABLE, Nappes",TRUE,Taille,350 cm,,,,,GARLN160_1465_350CM,,shopify,0,deny,manual,209.00,,TRUE,TRUE,3661842472454,,,,FALSE,,,4143,,,,,,,kg,,,,,,,,,active,La Gustothèque,0,
3661842472324,Nappe en coton - garlin ananas,"<p>Un peu de Sud-ouest dans vos assiettes !</p>
<table class=""data-sheet""><tr><th>Composition</th><td>100%  COTON BIOLOGIQUE</td></tr><tr><th>Unite</th><td>pièce</td></tr><tr><th>Coloris</th><td>MULTICOLORE</td></tr><tr><th>Label</th><td>100 % Coton Bio</td></tr></table>",ARTIGA,,TABLE,"TABLE, Nappes",TRUE,Taille,160 cm,,,,,GARLN160_1466_160CM,,shopify,0,deny,manual,115.00,,TRUE,TRUE,3661842472324,https://www.artiga.fr/8540-medium_default/nappe-en-coton-garlin-ananas.jpg,1,Nappe en coton - garlin ananas,FALSE,,,4143,,,,,,,kg,,,,,,,,,active,La Gustothèque,0,
3661842472324,,,,,,,,,,,,,,,,,,,,,,,,,https://www.artiga.fr/8541-medium_default/nappe-en-coton-garlin-ananas.jpg,2,Nappe en coton - garlin ananas,,,,4143,,,,,,,,,,,,,,,,,,,
3661842472324,,,,,,,,,,,,,,,,,,,,,,,,,https://www.artiga.fr/8542-medium_default/nappe-en-coton-garlin-ananas.jpg,3,Nappe en coton - garlin ananas,,,,4143,,,,,,,,,,,,,,,,,,,
3661842472324,Nappe en coton - garlin ananas,"<p>Un peu de Sud-ouest dans vos assiettes !</p>
<table class=""data-sheet""><tr><th>Composition</th><td>100%  COTON BIOLOGIQUE</td></tr><tr><th>Unite</th><td>pièce</td></tr><tr><th>Coloris</th><td>MULTICOLORE</td></tr><tr><th>Label</th><td>100 % Coton Bio</td></tr></table>",ARTIGA,,TABLE,"TABLE, Nappes",TRUE,Taille,200 cm,,,,,GARLN160_1466_200CM,,shopify,0,deny,manual,129.00,,TRUE,TRUE,3661842472355,,,,FALSE,,,4143,,,,,,,kg,,,,,,,,,active,La Gustothèque,0,
3661842472324,Nappe en coton - garlin ananas,"<p>Un peu de Sud-ouest dans vos assiettes !</p>
<table class=""data-sheet""><tr><th>Composition</th><td>100%  COTON BIOLOGIQUE</td></tr><tr><th>Unite</th><td>pièce</td></tr><tr><th>Coloris</th><td>MULTICOLORE</td></tr><tr><th>Label</th><td>100 % Coton Bio</td></tr></table>",ARTIGA,,TABLE,"TABLE, Nappes",TRUE,Taille,250 cm,,,,,GARLN160_1466_250CM,,shopify,0,deny,manual,159.00,,TRUE,TRUE,3661842472386,,,,FALSE,,,4143,,,,,,,kg,,,,,,,,,active,La Gustothèque,0,
3661842472324,Nappe en coton - garlin ananas,"<p>Un peu de Sud-ouest dans vos assiettes !</p>
<table class=""data-sheet""><tr><th>Composition</th><td>100%  COTON BIOLOGIQUE</td></tr><tr><th>Unite</th><td>pièce</td></tr><tr><th>Coloris</th><td>MULTICOLORE</td></tr><tr><th>Label</th><td>100 % Coton Bio</td></tr></table>",ARTIGA,,TABLE,"TABLE, Nappes",TRUE,Taille,300 cm,,,,,GARLN160_1466_300CM,,shopify,0,deny,manual,185.00,,TRUE,TRUE,3661842472416,,,,FALSE,,,4143,,,,,,,kg,,,,,,,,,active,La Gustothèque,0,
3661842472324,Nappe en coton - garlin ananas,"<p>Un peu de Sud-ouest dans vos assiettes !</p>
<table class=""data-sheet""><tr><th>Composition</th><td>100%  COTON BIOLOGIQUE</td></tr><tr><th>Unite</th><td>pièce</td></tr><tr><th>Coloris</th><td>MULTICOLORE</td></tr><tr><th>Label</th><td>100 % Coton Bio</td></tr></table>",ARTIGA,,TABLE,"TABLE, Nappes",TRUE,Taille,350 cm,,,,,GARLN160_1466_350CM,,shopify,0,deny,manual,209.00,,TRUE,TRUE,3661842472447,,,,FALSE,,,4143,,,,,,,kg,,,,,,,,,active,La Gustothèque,0,
3661842470436,Nappe en coton - mauleon acajou,"<p>Un peu de Sud-ouest dans vos assiettes !</p>
<table class=""data-sheet""><tr><th>Composition</th><td>100% COTON</td></tr><tr><th>Unite</th><td>pièce</td></tr><tr><th>Coloris</th><td>ROUGE</td></tr><tr><th>Label</th><td>100 % Coton Bio</td></tr></table>",ARTIGA,,TABLE,"TABLE, Nappes",TRUE,Taille,170 cm,,,,,MACON170_1459_170CM,,shopify,0,deny,manual,115.00,,TRUE,TRUE,3661842470436,https://www.artiga.fr/7106-medium_default/nappe-en-coton-mauleon-acajou.jpg,1,Nappe en coton - mauleon acajou,FALSE,,,4143,,,,,,,kg,,,,,,,,,active,La Gustothèque,0,
3661842470436,,,,,,,,,,,,,,,,,,,,,,,,,https://www.artiga.fr/7104-medium_default/nappe-en-coton-mauleon-acajou.jpg,2,Nappe en coton - mauleon acajou,,,,4143,,,,,,,,,,,,,,,,,,,
3661842470436,,,,,,,,,,,,,,,,,,,,,,,,,https://www.artiga.fr/7105-medium_default/nappe-en-coton-mauleon-acajou.jpg,3,Nappe en coton - mauleon acajou,,,,4143,,,,,,,,,,,,,,,,,,,
3661842470436,Nappe en coton - mauleon acajou,"<p>Un peu de Sud-ouest dans vos assiettes !</p>
<table class=""data-sheet""><tr><th>Composition</th><td>100% COTON</td></tr><tr><th>Unite</th><td>pièce</td></tr><tr><th>Coloris</th><td>ROUGE</td></tr><tr><th>Label</th><td>100 % Coton Bio</td></tr></table>",ARTIGA,,TABLE,"TABLE, Nappes",TRUE,Taille,200 cm,,,,,MACON170_1459_200CM,,shopify,0,deny,manual,129.00,,TRUE,TRUE,3661842470450,,,,FALSE,,,4143,,,,,,,kg,,,,,,,,,active,La Gustothèque,0,
3661842470436,Nappe en coton - mauleon acajou,"<p>Un peu de Sud-ouest dans vos assiettes !</p>
<table class=""data-sheet""><tr><th>Composition</th><td>100% COTON</td></tr><tr><th>Unite</th><td>pièce</td></tr><tr><th>Coloris</th><td>ROUGE</td></tr><tr><th>Label</th><td>100 % Coton Bio</td></tr></table>",ARTIGA,,TABLE,"TABLE, Nappes",TRUE,Taille,250 cm,,,,,MACON170_1459_250CM,,shopify,0,deny,manual,159.00,,TRUE,TRUE,3661842470474,,,,FALSE,,,4143,,,,,,,kg,,,,,,,,,active,La Gustothèque,0,
3661842470436,Nappe en coton - mauleon acajou,"<p>Un peu de Sud-ouest dans vos assiettes !</p>
<table class=""data-sheet""><tr><th>Composition</th><td>100% COTON</td></tr><tr><th>Unite</th><td>pièce</td></tr><tr><th>Coloris</th><td>ROUGE</td></tr><tr><th>Label</th><td>100 % Coton Bio</td></tr></table>",ARTIGA,,TABLE,"TABLE, Nappes",TRUE,Taille,300 cm,,,,,MACON170_1459_300CM,,shopify,0,deny,manual,185.00,,TRUE,TRUE,3661842470498,,,,FALSE,,,4143,,,,,,,kg,,,,,,,,,active,La Gustothèque,0,
3661842470436,Nappe en coton - mauleon acajou,"<p>Un peu de Sud-ouest dans vos assiettes !</p>
<table class=""data-sheet""><tr><th>Composition</th><td>100% COTON</td></tr><tr><th>Unite</th><td>pièce</td></tr><tr><th>Coloris</th><td>ROUGE</td></tr><tr><th>Label</th><td>100 % Coton Bio</td></tr></table>",ARTIGA,,TABLE,"TABLE, Nappes",TRUE,Taille,350 cm,,,,,MACON170_1459_350CM,,shopify,0,deny,manual,209.00,,TRUE,TRUE,3661842470511,,,,FALSE,,,4143,,,,,,,kg,,,,,,,,,active,La Gustothèque,0,
3661842472652,Nappe en coton - mauleon bleu atoll,"<p>Un peu de Sud-ouest dans vos assiettes !</p>
<table class=""data-sheet""><tr><th>Composition</th><td>100% COTON</td></tr><tr><th>Unite</th><td>pièce</td></tr><tr><th>Coloris</th><td>BLEU</td></tr><tr><th>Label</th><td>100 % Coton Bio</td></tr></table>",ARTIGA,,TABLE,"TABLE, Nappes",TRUE,Taille,170 cm,,,,,MACON170_1467_170CM,,shopify,0,deny,manual,115.00,,TRUE,TRUE,3661842472652,https://www.artiga.fr/8366-medium_default/nappe-en-coton-mauleon-bleu-atoll.jpg,1,Nappe en coton - mauleon bleu atoll,FALSE,,,4143,,,,,,,kg,,,,,,,,,active,La Gustothèque,0,
3661842472652,,,,,,,,,,,,,,,,,,,,,,,,,https://www.artiga.fr/8367-medium_default/nappe-en-coton-mauleon-bleu-atoll.jpg,2,Nappe en coton - mauleon bleu atoll,,,,4143,,,,,,,,,,,,,,,,,,,
3661842472652,,,,,,,,,,,,,,,,,,,,,,,,,https://www.artiga.fr/8368-medium_default/nappe-en-coton-mauleon-bleu-atoll.jpg,3,Nappe en coton - mauleon bleu atoll,,,,4143,,,,,,,,,,,,,,,,,,,
3661842472652,Nappe en coton - mauleon bleu atoll,"<p>Un peu de Sud-ouest dans vos assiettes !</p>
<table class=""data-sheet""><tr><th>Composition</th><td>100% COTON</td></tr><tr><th>Unite</th><td>pièce</td></tr><tr><th>Coloris</th><td>BLEU</td></tr><tr><th>Label</th><td>100 % Coton Bio</td></tr></table>",ARTIGA,,TABLE,"TABLE, Nappes",TRUE,Taille,200 cm,,,,,MACON170_1467_200CM,,shopify,0,deny,manual,129.00,,TRUE,TRUE,3661842472669,,,,FALSE,,,4143,,,,,,,kg,,,,,,,,,active,La Gustothèque,0,
3661842472652,Nappe en coton - mauleon bleu atoll,"<p>Un peu de Sud-ouest dans vos assiettes !</p>
<table class=""data-sheet""><tr><th>Composition</th><td>100% COTON</td></tr><tr><th>Unite</th><td>pièce</td></tr><tr><th>Coloris</th><td>BLEU</td></tr><tr><th>Label</th><td>100 % Coton Bio</td></tr></table>",ARTIGA,,TABLE,"TABLE, Nappes",TRUE,Taille,250 cm,,,,,MACON170_1467_250CM,,shopify,0,deny,manual,159.00,,TRUE,TRUE,3661842472676,,,,FALSE,,,4143,,,,,,,kg,,,,,,,,,active,La Gustothèque,0,
3661842472652,Nappe en coton - mauleon bleu atoll,"<p>Un peu de Sud-ouest dans vos assiettes !</p>
<table class=""data-sheet""><tr><th>Composition</th><td>100% COTON</td></tr><tr><th>Unite</th><td>pièce</td></tr><tr><th>Coloris</th><td>BLEU</td></tr><tr><th>Label</th><td>100 % Coton Bio</td></tr></table>",ARTIGA,,TABLE,"TABLE, Nappes",TRUE,Taille,300 cm,,,,,MACON170_1467_300CM,,shopify,0,deny,manual,185.00,,TRUE,TRUE,3661842472683,,,,FALSE,,,4143,,,,,,,kg,,,,,,,,,active,La Gustothèque,0,
3661842472652,Nappe en coton - mauleon bleu atoll,"<p>Un peu de Sud-ouest dans vos assiettes !</p>
<table class=""data-sheet""><tr><th>Composition</th><td>100% COTON</td></tr><tr><th>Unite</th><td>pièce</td></tr><tr><th>Coloris</th><td>BLEU</td></tr><tr><th>Label</th><td>100 % Coton Bio</td></tr></table>",ARTIGA,,TABLE,"TABLE, Nappes",TRUE,Taille,350 cm,,,,,MACON170_1467_350CM,,shopify,0,deny,manual,209.00,,TRUE,TRUE,3661842472690,,,,FALSE,,,4143,,,,,,,kg,,,,,,,,,active,La Gustothèque,0,
3661842476049,Nappe en coton - mauleon vison,"<p>Apportez chaleur et élégance à vos repas avec la <strong>nappe Mauléon Vison en 100% coton</strong>.<br/>Ses <strong>rayures emblématiques</strong>, inspirées de la toile d’espadrille, se déclinent sur un fond uni aux <strong>tons chauds et automnaux</strong>.<br/>Un choix idéal pour vos repas du quotidien, vos grandes tablées conviviales ou vos <strong>tables de fête à Noël et en fin d’année</strong>.<br/><br/>Disponible en plusieurs dimensions :<br/>- <strong>170x170 cm (4 couverts)</strong><br/>- <strong>200x170 cm (6 couverts)</strong><br/>- <strong>250x170 cm (8 couverts)</strong><br/>- <strong>300x170 cm (10 couverts)</strong><br/>- <strong>350x170 cm (12 couverts)</strong></p>
<table class=""data-sheet""><tr><th>Composition</th><td>100% COTON</td></tr><tr><th>Unite</th><td>pièce</td></tr><tr><th>Coloris</th><td>MARRON</td></tr><tr><th>Label</th><td>100 % Coton Bio</td></tr></table>",ARTIGA,,TABLE,"TABLE, Nappes",TRUE,Taille,170 cm,,,,,MACON170_1494_170CM,,shopify,0,deny,manual,115.00,,TRUE,TRUE,3661842476049,https://www.artiga.fr/8169-medium_default/nappe-en-coton-mauleon-vison.jpg,1,Nappe en coton - mauleon vison,FALSE,,,4143,,,,,,,kg,,,,,,,,,active,La Gustothèque,0,
3661842476049,,,,,,,,,,,,,,,,,,,,,,,,,https://www.artiga.fr/8170-medium_default/nappe-en-coton-mauleon-vison.jpg,2,Nappe en coton - mauleon vison,,,,4143,,,,,,,,,,,,,,,,,,,
3661842476049,,,,,,,,,,,,,,,,,,,,,,,,,https://www.artiga.fr/8171-medium_default/nappe-en-coton-mauleon-vison.jpg,3,Nappe en coton - mauleon vison,,,,4143,,,,,,,,,,,,,,,,,,,
3661842476049,,,,,,,,,,,,,,,,,,,,,,,,,https://www.artiga.fr/8172-medium_default/nappe-en-coton-mauleon-vison.jpg,4,Nappe en coton - mauleon vison,,,,4143,,,,,,,,,,,,,,,,,,,
3661842476049,,,,,,,,,,,,,,,,,,,,,,,,,https://www.artiga.fr/8173-medium_default/nappe-en-coton-mauleon-vison.jpg,5,Nappe en coton - mauleon vison,,,,4143,,,,,,,,,,,,,,,,,,,
3661842476049,,,,,,,,,,,,,,,,,,,,,,,,,https://www.artiga.fr/8174-medium_default/nappe-en-coton-mauleon-vison.jpg,6,Nappe en coton - mauleon vison,,,,4143,,,,,,,,,,,,,,,,,,,
3661842476049,,,,,,,,,,,,,,,,,,,,,,,,,https://www.artiga.fr/8175-medium_default/nappe-en-coton-mauleon-vison.jpg,7,Nappe en coton - mauleon vison,,,,4143,,,,,,,,,,,,,,,,,,,
3661842476049,Nappe en coton - mauleon vison,"<p>Apportez chaleur et élégance à vos repas avec la <strong>nappe Mauléon Vison en 100% coton</strong>.<br/>Ses <strong>rayures emblématiques</strong>, inspirées de la toile d’espadrille, se déclinent sur un fond uni aux <strong>tons chauds et automnaux</strong>.<br/>Un choix idéal pour vos repas du quotidien, vos grandes tablées conviviales ou vos <strong>tables de fête à Noël et en fin d’année</strong>.<br/><br/>Disponible en plusieurs dimensions :<br/>- <strong>170x170 cm (4 couverts)</strong><br/>- <strong>200x170 cm (6 couverts)</strong><br/>- <strong>250x170 cm (8 couverts)</strong><br/>- <strong>300x170 cm (10 couverts)</strong><br/>- <strong>350x170 cm (12 couverts)</strong></p>
<table class=""data-sheet""><tr><th>Composition</th><td>100% COTON</td></tr><tr><th>Unite</th><td>pièce</td></tr><tr><th>Coloris</th><td>MARRON</td></tr><tr><th>Label</th><td>100 % Coton Bio</td></tr></table>",ARTIGA,,TABLE,"TABLE, Nappes",TRUE,Taille,200 cm,,,,,MACON170_1494_200CM,,shopify,0,deny,manual,129.00,,TRUE,TRUE,3661842476056,,,,FALSE,,,4143,,,,,,,kg,,,,,,,,,active,La Gustothèque,0,
3661842476049,Nappe en coton - mauleon vison,"<p>Apportez chaleur et élégance à vos repas avec la <strong>nappe Mauléon Vison en 100% coton</strong>.<br/>Ses <strong>rayures emblématiques</strong>, inspirées de la toile d’espadrille, se déclinent sur un fond uni aux <strong>tons chauds et automnaux</strong>.<br/>Un choix idéal pour vos repas du quotidien, vos grandes tablées conviviales ou vos <strong>tables de fête à Noël et en fin d’année</strong>.<br/><br/>Disponible en plusieurs dimensions :<br/>- <strong>170x170 cm (4 couverts)</strong><br/>- <strong>200x170 cm (6 couverts)</strong><br/>- <strong>250x170 cm (8 couverts)</strong><br/>- <strong>300x170 cm (10 couverts)</strong><br/>- <strong>350x170 cm (12 couverts)</strong></p>
<table class=""data-sheet""><tr><th>Composition</th><td>100% COTON</td></tr><tr><th>Unite</th><td>pièce</td></tr><tr><th>Coloris</th><td>MARRON</td></tr><tr><th>Label</th><td>100 % Coton Bio</td></tr></table>",ARTIGA,,TABLE,"TABLE, Nappes",TRUE,Taille,250 cm,,,,,MACON170_1494_250CM,,shopify,0,deny,manual,159.00,,TRUE,TRUE,3661842476063,,,,FALSE,,,4143,,,,,,,kg,,,,,,,,,active,La Gustothèque,0,
3661842476049,Nappe en coton - mauleon vison,"<p>Apportez chaleur et élégance à vos repas avec la <strong>nappe Mauléon Vison en 100% coton</strong>.<br/>Ses <strong>rayures emblématiques</strong>, inspirées de la toile d’espadrille, se déclinent sur un fond uni aux <strong>tons chauds et automnaux</strong>.<br/>Un choix idéal pour vos repas du quotidien, vos grandes tablées conviviales ou vos <strong>tables de fête à Noël et en fin d’année</strong>.<br/><br/>Disponible en plusieurs dimensions :<br/>- <strong>170x170 cm (4 couverts)</strong><br/>- <strong>200x170 cm (6 couverts)</strong><br/>- <strong>250x170 cm (8 couverts)</strong><br/>- <strong>300x170 cm (10 couverts)</strong><br/>- <strong>350x170 cm (12 couverts)</strong></p>
<table class=""data-sheet""><tr><th>Composition</th><td>100% COTON</td></tr><tr><th>Unite</th><td>pièce</td></tr><tr><th>Coloris</th><td>MARRON</td></tr><tr><th>Label</th><td>100 % Coton Bio</td></tr></table>",ARTIGA,,TABLE,"TABLE, Nappes",TRUE,Taille,300 cm,,,,,MACON170_1494_300CM,,shopify,0,deny,manual,185.00,,TRUE,TRUE,3661842476070,,,,FALSE,,,4143,,,,,,,kg,,,,,,,,,active,La Gustothèque,0,
3661842476049,Nappe en coton - mauleon vison,"<p>Apportez chaleur et élégance à vos repas avec la <strong>nappe Mauléon Vison en 100% coton</strong>.<br/>Ses <strong>rayures emblématiques</strong>, inspirées de la toile d’espadrille, se déclinent sur un fond uni aux <strong>tons chauds et automnaux</strong>.<br/>Un choix idéal pour vos repas du quotidien, vos grandes tablées conviviales ou vos <strong>tables de fête à Noël et en fin d’année</strong>.<br/><br/>Disponible en plusieurs dimensions :<br/>- <strong>170x170 cm (4 couverts)</strong><br/>- <strong>200x170 cm (6 couverts)</strong><br/>- <strong>250x170 cm (8 couverts)</strong><br/>- <strong>300x170 cm (10 couverts)</strong><br/>- <strong>350x170 cm (12 couverts)</strong></p>
<table class=""data-sheet""><tr><th>Composition</th><td>100% COTON</td></tr><tr><th>Unite</th><td>pièce</td></tr><tr><th>Coloris</th><td>MARRON</td></tr><tr><th>Label</th><td>100 % Coton Bio</td></tr></table>",ARTIGA,,TABLE,"TABLE, Nappes",TRUE,Taille,350 cm,,,,,MACON170_1494_350CM,,shopify,0,deny,manual,209.00,,TRUE,TRUE,3661842476087,,,,FALSE,,,4143,,,,,,,kg,,,,,,,,,active,La Gustothèque,0,
3661842472867,Nappe en coton et lin - mauleon laurier rose,"<p>Un peu de Sud-ouest dans vos assiettes !</p>
<table class=""data-sheet""><tr><th>Composition</th><td>70% COTON    30% LIN</td></tr><tr><th>Unite</th><td>pièce</td></tr><tr><th>Coloris</th><td>BEIGE</td></tr></table>",ARTIGA,,TABLE,"TABLE, Nappes",TRUE,Taille,165 cm,,,,,MAULN160_1468_165CM,,shopify,0,deny,manual,115.00,,TRUE,TRUE,3661842472867,https://www.artiga.fr/9000-medium_default/nappe-en-coton-et-lin-mauleon-laurier-rose.jpg,1,Nappe en coton et lin - mauleon laurier rose,FALSE,,,4143,,,,,,,kg,,,,,,,,,active,La Gustothèque,0,
3661842472867,,,,,,,,,,,,,,,,,,,,,,,,,https://www.artiga.fr/9001-medium_default/nappe-en-coton-et-lin-mauleon-laurier-rose.jpg,2,Nappe en coton et lin - mauleon laurier rose,,,,4143,,,,,,,,,,,,,,,,,,,
3661842472867,,,,,,,,,,,,,,,,,,,,,,,,,https://www.artiga.fr/9002-medium_default/nappe-en-coton-et-lin-mauleon-laurier-rose.jpg,3,Nappe en coton et lin - mauleon laurier rose,,,,4143,,,,,,,,,,,,,,,,,,,
3661842472867,Nappe en coton et lin - mauleon laurier rose,"<p>Un peu de Sud-ouest dans vos assiettes !</p>
<table class=""data-sheet""><tr><th>Composition</th><td>70% COTON    30% LIN</td></tr><tr><th>Unite</th><td>pièce</td></tr><tr><th>Coloris</th><td>BEIGE</td></tr></table>",ARTIGA,,TABLE,"TABLE, Nappes",TRUE,Taille,200 cm,,,,,MAULN160_1468_200CM,,shopify,0,deny,manual,129.00,,TRUE,TRUE,3661842472881,,,,FALSE,,,4143,,,,,,,kg,,,,,,,,,active,La Gustothèque,0,
3661842472867,Nappe en coton et lin - mauleon laurier rose,"<p>Un peu de Sud-ouest dans vos assiettes !</p>
<table class=""data-sheet""><tr><th>Composition</th><td>70% COTON    30% LIN</td></tr><tr><th>Unite</th><td>pièce</td></tr><tr><th>Coloris</th><td>BEIGE</td></tr></table>",ARTIGA,,TABLE,"TABLE, Nappes",TRUE,Taille,250 cm,,,,,MAULN160_1468_250CM,,shopify,0,deny,manual,159.00,,TRUE,TRUE,3661842472904,,,,FALSE,,,4143,,,,,,,kg,,,,,,,,,active,La Gustothèque,0,
3661842472867,Nappe en coton et lin - mauleon laurier rose,"<p>Un peu de Sud-ouest dans vos assiettes !</p>
<table class=""data-sheet""><tr><th>Composition</th><td>70% COTON    30% LIN</td></tr><tr><th>Unite</th><td>pièce</td></tr><tr><th>Coloris</th><td>BEIGE</td></tr></table>",ARTIGA,,TABLE,"TABLE, Nappes",TRUE,Taille,300 cm,,,,,MAULN160_1468_300CM,,shopify,0,deny,manual,185.00,,TRUE,TRUE,3661842472928,,,,FALSE,,,4143,,,,,,,kg,,,,,,,,,active,La Gustothèque,0,
3661842472867,Nappe en coton et lin - mauleon laurier rose,"<p>Un peu de Sud-ouest dans vos assiettes !</p>
<table class=""data-sheet""><tr><th>Composition</th><td>70% COTON    30% LIN</td></tr><tr><th>Unite</th><td>pièce</td></tr><tr><th>Coloris</th><td>BEIGE</td></tr></table>",ARTIGA,,TABLE,"TABLE, Nappes",TRUE,Taille,350 cm,,,,,MAULN160_1468_350CM,,shopify,0,deny,manual,209.00,,TRUE,TRUE,3661842472942,,,,FALSE,,,4143,,,,,,,kg,,,,,,,,,active,La Gustothèque,0,
3661842472850,Nappe en coton et lin - mauleon turquoise,"<p>Un peu de Sud-ouest dans vos assiettes !</p>
<table class=""data-sheet""><tr><th>Composition</th><td>70% COTON    30% LIN</td></tr><tr><th>Unite</th><td>pièce</td></tr><tr><th>Coloris</th><td>BEIGE</td></tr></table>",ARTIGA,,TABLE,"TABLE, Nappes",TRUE,Taille,165 cm,,,,,MAULN160_1475_165CM,,shopify,0,deny,manual,115.00,,TRUE,TRUE,3661842472850,https://www.artiga.fr/8997-medium_default/nappe-en-coton-et-lin-mauleon-turquoise.jpg,1,Nappe en coton et lin - mauleon turquoise,FALSE,,,4143,,,,,,,kg,,,,,,,,,active,La Gustothèque,0,
3661842472850,,,,,,,,,,,,,,,,,,,,,,,,,https://www.artiga.fr/8998-medium_default/nappe-en-coton-et-lin-mauleon-turquoise.jpg,2,Nappe en coton et lin - mauleon turquoise,,,,4143,,,,,,,,,,,,,,,,,,,
3661842472850,,,,,,,,,,,,,,,,,,,,,,,,,https://www.artiga.fr/8999-medium_default/nappe-en-coton-et-lin-mauleon-turquoise.jpg,3,Nappe en coton et lin - mauleon turquoise,,,,4143,,,,,,,,,,,,,,,,,,,
3661842472850,Nappe en coton et lin - mauleon turquoise,"<p>Un peu de Sud-ouest dans vos assiettes !</p>
<table class=""data-sheet""><tr><th>Composition</th><td>70% COTON    30% LIN</td></tr><tr><th>Unite</th><td>pièce</td></tr><tr><th>Coloris</th><td>BEIGE</td></tr></table>",ARTIGA,,TABLE,"TABLE, Nappes",TRUE,Taille,200 cm,,,,,MAULN160_1475_200CM,,shopify,0,deny,manual,129.00,,TRUE,TRUE,3661842472874,,,,FALSE,,,4143,,,,,,,kg,,,,,,,,,active,La Gustothèque,0,
3661842472850,Nappe en coton et lin - mauleon turquoise,"<p>Un peu de Sud-ouest dans vos assiettes !</p>
<table class=""data-sheet""><tr><th>Composition</th><td>70% COTON    30% LIN</td></tr><tr><th>Unite</th><td>pièce</td></tr><tr><th>Coloris</th><td>BEIGE</td></tr></table>",ARTIGA,,TABLE,"TABLE, Nappes",TRUE,Taille,250 cm,,,,,MAULN160_1475_250CM,,shopify,0,deny,manual,159.00,,TRUE,TRUE,3661842472898,,,,FALSE,,,4143,,,,,,,kg,,,,,,,,,active,La Gustothèque,0,
3661842472850,Nappe en coton et lin - mauleon turquoise,"<p>Un peu de Sud-ouest dans vos assiettes !</p>
<table class=""data-sheet""><tr><th>Composition</th><td>70% COTON    30% LIN</td></tr><tr><th>Unite</th><td>pièce</td></tr><tr><th>Coloris</th><td>BEIGE</td></tr></table>",ARTIGA,,TABLE,"TABLE, Nappes",TRUE,Taille,300 cm,,,,,MAULN160_1475_300CM,,shopify,0,deny,manual,185.00,,TRUE,TRUE,3661842472911,,,,FALSE,,,4143,,,,,,,kg,,,,,,,,,active,La Gustothèque,0,
3661842472850,Nappe en coton et lin - mauleon turquoise,"<p>Un peu de Sud-ouest dans vos assiettes !</p>
<table class=""data-sheet""><tr><th>Composition</th><td>70% COTON    30% LIN</td></tr><tr><th>Unite</th><td>pièce</td></tr><tr><th>Coloris</th><td>BEIGE</td></tr></table>",ARTIGA,,TABLE,"TABLE, Nappes",TRUE,Taille,350 cm,,,,,MAULN160_1475_350CM,,shopify,0,deny,manual,209.00,,TRUE,TRUE,3661842472935,,,,FALSE,,,4143,,,,,,,kg,,,,,,,,,active,La Gustothèque,0,
3661842387918,Nappe en coton - sauvelade ecru,"<p>Un peu de Sud-ouest dans vos assiettes !</p>
<table class=""data-sheet""><tr><th>Composition</th><td>100%  COTON BIOLOGIQUE</td></tr><tr><th>Unite</th><td>pièce</td></tr><tr><th>Coloris</th><td>BEIGE</td></tr><tr><th>Label</th><td>100 % Coton Bio</td></tr></table>",ARTIGA,,TABLE,"TABLE, Nappes",TRUE,Taille,160 cm,,,,,SAUVEN160_0412_160CM,,shopify,0,deny,manual,95.00,,TRUE,TRUE,3661842387918,https://www.artiga.fr/9642-medium_default/nappe-en-coton-sauvelade-ecru.jpg,1,Nappe en coton - sauvelade ecru,FALSE,,,4143,,,,,,,kg,,,,,,,,,active,La Gustothèque,0,
3661842387918,,,,,,,,,,,,,,,,,,,,,,,,,https://www.artiga.fr/9641-medium_default/nappe-en-coton-sauvelade-ecru.jpg,2,Nappe en coton - sauvelade ecru,,,,4143,,,,,,,,,,,,,,,,,,,
3661842387918,,,,,,,,,,,,,,,,,,,,,,,,,https://www.artiga.fr/9639-medium_default/nappe-en-coton-sauvelade-ecru.jpg,3,Nappe en coton - sauvelade ecru,,,,4143,,,,,,,,,,,,,,,,,,,
3661842387918,,,,,,,,,,,,,,,,,,,,,,,,,https://www.artiga.fr/9640-medium_default/nappe-en-coton-sauvelade-ecru.jpg,4,Nappe en coton - sauvelade ecru,,,,4143,,,,,,,,,,,,,,,,,,,
3661842387918,,,,,,,,,,,,,,,,,,,,,,,,,https://www.artiga.fr/9643-medium_default/nappe-en-coton-sauvelade-ecru.jpg,5,Nappe en coton - sauvelade ecru,,,,4143,,,,,,,,,,,,,,,,,,,
3661842387918,,,,,,,,,,,,,,,,,,,,,,,,,https://www.artiga.fr/9636-medium_default/nappe-en-coton-sauvelade-ecru.jpg,6,Nappe en coton - sauvelade ecru,,,,4143,,,,,,,,,,,,,,,,,,,
3661842387918,,,,,,,,,,,,,,,,,,,,,,,,,https://www.artiga.fr/9637-medium_default/nappe-en-coton-sauvelade-ecru.jpg,7,Nappe en coton - sauvelade ecru,,,,4143,,,,,,,,,,,,,,,,,,,
3661842387918,,,,,,,,,,,,,,,,,,,,,,,,,https://www.artiga.fr/9638-medium_default/nappe-en-coton-sauvelade-ecru.jpg,8,Nappe en coton - sauvelade ecru,,,,4143,,,,,,,,,,,,,,,,,,,
3661842387918,,,,,,,,,,,,,,,,,,,,,,,,,https://www.artiga.fr/9644-medium_default/nappe-en-coton-sauvelade-ecru.jpg,9,Nappe en coton - sauvelade ecru,,,,4143,,,,,,,,,,,,,,,,,,,
3661842387918,Nappe en coton - sauvelade ecru,"<p>Un peu de Sud-ouest dans vos assiettes !</p>
<table class=""data-sheet""><tr><th>Composition</th><td>100%  COTON BIOLOGIQUE</td></tr><tr><th>Unite</th><td>pièce</td></tr><tr><th>Coloris</th><td>BEIGE</td></tr><tr><th>Label</th><td>100 % Coton Bio</td></tr></table>",ARTIGA,,TABLE,"TABLE, Nappes",TRUE,Taille,200 cm,,,,,SAUVEN160_0412_200CM,,shopify,0,deny,manual,115.00,,TRUE,TRUE,3661842387925,,,,FALSE,,,4143,,,,,,,kg,,,,,,,,,active,La Gustothèque,0,
3661842387918,Nappe en coton - sauvelade ecru,"<p>Un peu de Sud-ouest dans vos assiettes !</p>
<table class=""data-sheet""><tr><th>Composition</th><td>100%  COTON BIOLOGIQUE</td></tr><tr><th>Unite</th><td>pièce</td></tr><tr><th>Coloris</th><td>BEIGE</td></tr><tr><th>Label</th><td>100 % Coton Bio</td></tr></table>",ARTIGA,,TABLE,"TABLE, Nappes",TRUE,Taille,250 cm,,,,,SAUVEN160_0412_250CM,,shopify,0,deny,manual,135.00,,TRUE,TRUE,3661842387932,,,,FALSE,,,4143,,,,,,,kg,,,,,,,,,active,La Gustothèque,0,
3661842387918,Nappe en coton - sauvelade ecru,"<p>Un peu de Sud-ouest dans vos assiettes !</p>
<table class=""data-sheet""><tr><th>Composition</th><td>100%  COTON BIOLOGIQUE</td></tr><tr><th>Unite</th><td>pièce</td></tr><tr><th>Coloris</th><td>BEIGE</td></tr><tr><th>Label</th><td>100 % Coton Bio</td></tr></table>",ARTIGA,,TABLE,"TABLE, Nappes",TRUE,Taille,300 cm,,,,,SAUVEN160_0412_300CM,,shopify,0,deny,manual,159.00,,TRUE,TRUE,3661842387949,,,,FALSE,,,4143,,,,,,,kg,,,,,,,,,active,La Gustothèque,0,
3661842387918,Nappe en coton - sauvelade ecru,"<p>Un peu de Sud-ouest dans vos assiettes !</p>
<table class=""data-sheet""><tr><th>Composition</th><td>100%  COTON BIOLOGIQUE</td></tr><tr><th>Unite</th><td>pièce</td></tr><tr><th>Coloris</th><td>BEIGE</td></tr><tr><th>Label</th><td>100 % Coton Bio</td></tr></table>",ARTIGA,,TABLE,"TABLE, Nappes",TRUE,Taille,350 cm,,,,,SAUVEN160_0412_350CM,,shopify,0,deny,manual,185.00,,TRUE,TRUE,3661842387956,,,,FALSE,,,4143,,,,,,,kg,,,,,,,,,active,La Gustothèque,0,
3661842476513,Nappe en coton - lin - vanoise,"<p>Apportez une touche <strong>authentique et élégante</strong> à vos repas avec la nappe Vanoise.<br/>Disponible en plusieurs tailles (4, 6, 8, 10 ou 12 couverts), elle est <strong>fabriquée en France</strong> dans notre atelier de Magescq, en <strong>coton et lin</strong> de qualité, alliant <strong>design inspiré des forêts françaises</strong> et savoir-faire Artiga.</p>
<table class=""data-sheet""><tr><th>Composition</th><td>70% COTON       30% LIN</td></tr><tr><th>Unite</th><td>pièce</td></tr><tr><th>Coloris</th><td>VERT</td></tr></table>",ARTIGA,,TABLE,"TABLE, Nappes",TRUE,Taille,160 cm,,,,,VANON160_1495_160CM,,shopify,0,deny,manual,115.00,,TRUE,TRUE,3661842476513,https://www.artiga.fr/8855-medium_default/nappe-en-coton-lin-vanoise.jpg,1,Nappe en coton - lin - vanoise,FALSE,,,4143,,,,,,,kg,,,,,,,,,active,La Gustothèque,0,
3661842476513,,,,,,,,,,,,,,,,,,,,,,,,,https://www.artiga.fr/8856-medium_default/nappe-en-coton-lin-vanoise.jpg,2,Nappe en coton - lin - vanoise,,,,4143,,,,,,,,,,,,,,,,,,,
3661842476513,,,,,,,,,,,,,,,,,,,,,,,,,https://www.artiga.fr/8857-medium_default/nappe-en-coton-lin-vanoise.jpg,3,Nappe en coton - lin - vanoise,,,,4143,,,,,,,,,,,,,,,,,,,
3661842476513,,,,,,,,,,,,,,,,,,,,,,,,,https://www.artiga.fr/8858-medium_default/nappe-en-coton-lin-vanoise.jpg,4,Nappe en coton - lin - vanoise,,,,4143,,,,,,,,,,,,,,,,,,,
3661842476513,,,,,,,,,,,,,,,,,,,,,,,,,https://www.artiga.fr/8859-medium_default/nappe-en-coton-lin-vanoise.jpg,5,Nappe en coton - lin - vanoise,,,,4143,,,,,,,,,,,,,,,,,,,
3661842476513,,,,,,,,,,,,,,,,,,,,,,,,,https://www.artiga.fr/8860-medium_default/nappe-en-coton-lin-vanoise.jpg,6,Nappe en coton - lin - vanoise,,,,4143,,,,,,,,,,,,,,,,,,,
3661842476513,Nappe en coton - lin - vanoise,"<p>Apportez une touche <strong>authentique et élégante</strong> à vos repas avec la nappe Vanoise.<br/>Disponible en plusieurs tailles (4, 6, 8, 10 ou 12 couverts), elle est <strong>fabriquée en France</strong> dans notre atelier de Magescq, en <strong>coton et lin</strong> de qualité, alliant <strong>design inspiré des forêts françaises</strong> et savoir-faire Artiga.</p>
<table class=""data-sheet""><tr><th>Composition</th><td>70% COTON       30% LIN</td></tr><tr><th>Unite</th><td>pièce</td></tr><tr><th>Coloris</th><td>VERT</td></tr></table>",ARTIGA,,TABLE,"TABLE, Nappes",TRUE,Taille,200 cm,,,,,VANON160_1495_200CM,,shopify,0,deny,manual,129.00,,TRUE,TRUE,3661842476520,,,,FALSE,,,4143,,,,,,,kg,,,,,,,,,active,La Gustothèque,0,
3661842476513,Nappe en coton - lin - vanoise,"<p>Apportez une touche <strong>authentique et élégante</strong> à vos repas avec la nappe Vanoise.<br/>Disponible en plusieurs tailles (4, 6, 8, 10 ou 12 couverts), elle est <strong>fabriquée en France</strong> dans notre atelier de Magescq, en <strong>coton et lin</strong> de qualité, alliant <strong>design inspiré des forêts françaises</strong> et savoir-faire Artiga.</p>
<table class=""data-sheet""><tr><th>Composition</th><td>70% COTON       30% LIN</td></tr><tr><th>Unite</th><td>pièce</td></tr><tr><th>Coloris</th><td>VERT</td></tr></table>",ARTIGA,,TABLE,"TABLE, Nappes",TRUE,Taille,250 cm,,,,,VANON160_1495_250CM,,shopify,0,deny,manual,159.00,,TRUE,TRUE,3661842476537,,,,FALSE,,,4143,,,,,,,kg,,,,,,,,,active,La Gustothèque,0,
3661842476513,Nappe en coton - lin - vanoise,"<p>Apportez une touche <strong>authentique et élégante</strong> à vos repas avec la nappe Vanoise.<br/>Disponible en plusieurs tailles (4, 6, 8, 10 ou 12 couverts), elle est <strong>fabriquée en France</strong> dans notre atelier de Magescq, en <strong>coton et lin</strong> de qualité, alliant <strong>design inspiré des forêts françaises</strong> et savoir-faire Artiga.</p>
<table class=""data-sheet""><tr><th>Composition</th><td>70% COTON       30% LIN</td></tr><tr><th>Unite</th><td>pièce</td></tr><tr><th>Coloris</th><td>VERT</td></tr></table>",ARTIGA,,TABLE,"TABLE, Nappes",TRUE,Taille,300 cm,,,,,VANON160_1495_300CM,,shopify,0,deny,manual,185.00,,TRUE,TRUE,3661842476544,,,,FALSE,,,4143,,,,,,,kg,,,,,,,,,active,La Gustothèque,0,
3661842476513,Nappe en coton - lin - vanoise,"<p>Apportez une touche <strong>authentique et élégante</strong> à vos repas avec la nappe Vanoise.<br/>Disponible en plusieurs tailles (4, 6, 8, 10 ou 12 couverts), elle est <strong>fabriquée en France</strong> dans notre atelier de Magescq, en <strong>coton et lin</strong> de qualité, alliant <strong>design inspiré des forêts françaises</strong> et savoir-faire Artiga.</p>
<table class=""data-sheet""><tr><th>Composition</th><td>70% COTON       30% LIN</td></tr><tr><th>Unite</th><td>pièce</td></tr><tr><th>Coloris</th><td>VERT</td></tr></table>",ARTIGA,,TABLE,"TABLE, Nappes",TRUE,Taille,350 cm,,,,,VANON160_1495_350CM,,shopify,0,deny,manual,209.00,,TRUE,TRUE,3661842476551,,,,FALSE,,,4143,,,,,,,kg,,,,,,,,,active,La Gustothèque,0,
